S.No,Crime,Gender,Age,Income,Job,Maritalstatus,Education,Harm,Attack,AttackMethod,Perpetrator
0,0,0,2,1,1,1,3,4,2,5,1
1,0,1,0,0,9,0,2,1,2,0,1
2,0,0,2,0,2,1,3,1,2,0,1
3,0,0,2,0,1,1,2,0,2,0,1
4,0,0,2,0,0,1,2,1,2,0,0
5,0,0,3,0,2,1,3,0,0,1,0
6,0,0,3,2,6,1,1,1,2,0,1
7,0,0,2,0,1,1,3,1,2,0,0
8,0,1,2,1,6,0,0,1,2,0,0
9,0,0,2,1,1,1,3,1,2,0,0
10,0,0,2,1,2,1,3,1,2,0,1
11,0,0,2,0,1,1,3,1,2,0,0
12,0,0,2,0,1,1,3,1,2,0,0
13,0,1,2,0,1,0,3,1,2,0,1
14,0,0,3,1,1,1,2,1,2,0,0
15,0,0,3,1,1,1,2,1,2,0,0
16,0,0,1,0,1,1,2,1,2,0,1
17,0,0,2,1,1,1,2,1,2,0,0
18,0,0,3,0,1,1,2,1,2,0,0
19,0,0,2,1,0,1,0,1,2,0,0
20,0,0,2,0,1,1,3,1,2,0,1
21,0,0,0,1,1,1,0,1,2,0,0
22,0,0,1,1,1,1,2,1,2,0,0
23,0,1,2,1,6,1,0,1,2,0,0
24,0,0,3,1,2,1,2,4,2,5,0
25,0,0,3,0,1,1,2,1,2,0,0
26,0,0,3,1,1,1,0,1,2,0,1
27,0,0,1,1,1,1,2,1,2,0,0
28,0,0,3,1,1,1,2,1,2,0,1
29,0,0,2,1,8,1,2,0,0,1,0
30,0,1,0,1,6,0,2,1,2,0,0
31,0,1,0,1,1,0,2,1,2,0,1
32,0,0,3,0,1,1,3,0,0,1,1
33,0,0,2,0,1,1,2,1,2,0,0
34,0,0,3,0,1,1,2,1,2,0,0
35,0,1,1,0,3,1,3,1,2,0,1
36,0,0,2,0,1,1,3,1,2,0,1
37,0,1,1,0,1,0,3,0,2,0,1
38,0,0,3,0,1,1,3,1,2,0,1
39,0,0,2,0,1,1,3,0,2,0,1
40,0,1,2,0,1,1,3,0,2,0,0
41,0,0,2,0,1,1,2,1,2,0,0
42,0,0,1,1,1,1,2,1,2,0,1
43,0,0,1,1,1,1,2,1,2,0,1
44,0,1,3,0,3,1,2,1,2,0,1
45,0,1,0,1,6,0,2,1,2,0,1
46,0,0,2,0,1,1,3,1,2,0,0
47,0,0,3,1,1,1,2,1,2,0,0
48,0,1,1,1,4,1,0,1,2,0,1
49,0,0,3,1,1,1,0,1,2,0,1
50,0,0,1,0,0,1,0,1,2,0,1
51,0,0,2,0,1,1,2,4,2,5,1
52,0,0,1,0,1,1,2,1,2,0,0
53,0,0,2,2,6,1,1,1,2,0,0
54,0,0,3,1,1,1,2,1,2,0,0
55,0,0,3,1,1,1,2,1,2,0,0
56,0,0,2,1,1,1,2,1,2,0,1
57,0,0,3,1,2,0,2,4,2,5,0
58,0,0,1,1,7,0,2,1,2,0,0
59,0,0,2,1,1,1,2,1,2,0,1
60,0,0,2,0,1,1,3,4,2,5,0
61,0,1,3,2,6,1,1,1,2,0,0
62,0,0,3,0,2,1,3,1,2,0,0
63,0,0,3,0,1,1,3,1,2,0,1
64,0,0,1,1,0,1,2,4,2,5,1
65,0,0,0,2,6,0,1,1,2,0,1
66,0,0,2,1,1,1,2,1,2,0,0
67,0,0,0,0,1,0,2,1,2,0,0
68,0,0,2,1,1,1,2,1,2,0,0
69,0,1,0,0,1,1,0,0,0,1,0
70,0,1,2,0,1,0,2,1,2,0,1
71,0,1,2,0,1,0,2,1,2,0,1
72,0,0,1,2,6,1,1,4,2,5,0
73,0,1,0,0,7,0,0,0,0,1,1
74,0,0,2,1,1,1,2,1,2,0,0
75,0,0,2,0,1,1,2,1,2,0,0
76,0,0,0,0,9,0,2,1,2,0,0
77,0,1,2,1,4,1,0,0,2,0,0
78,0,1,0,0,1,0,2,0,2,0,0
79,0,1,3,2,6,1,1,0,2,0,1
80,0,0,1,1,0,1,0,0,2,0,0
81,0,0,2,0,1,1,3,1,2,0,0
82,0,0,3,0,2,1,3,1,2,0,1
83,0,0,1,1,0,1,0,1,2,0,1
84,0,0,2,1,1,1,2,1,2,0,1
85,0,0,1,0,1,1,2,1,2,0,0
86,0,0,0,1,1,1,2,1,2,0,1
87,0,0,2,1,7,0,0,1,2,0,0
88,0,0,1,1,0,0,1,4,2,5,0
89,0,0,2,1,4,1,0,1,2,0,0
90,0,0,2,0,1,1,2,1,2,0,0
91,0,0,1,1,1,1,2,1,2,0,0
92,0,0,1,1,0,1,2,1,2,0,0
93,0,0,0,0,0,1,2,1,2,0,0
94,0,0,2,0,1,1,3,1,2,0,1
95,0,0,3,1,4,1,0,1,2,0,1
96,0,0,2,2,1,0,3,1,2,0,0
97,0,0,2,0,1,1,3,0,0,1,0
98,0,0,3,2,7,1,0,3,2,5,0
99,0,0,3,0,1,1,3,4,2,5,1
100,0,0,3,1,1,1,2,4,2,5,1
101,0,0,3,0,2,1,0,0,0,1,1
102,0,1,3,0,2,0,3,4,2,5,1
103,0,1,2,0,3,1,2,0,0,1,1
104,0,0,2,0,1,1,2,1,2,0,1
105,0,1,1,0,3,1,2,1,2,0,1
106,0,1,0,1,4,1,0,3,2,5,1
107,0,1,0,0,1,0,3,0,0,1,1
108,0,0,3,1,4,1,0,3,2,5,1
109,0,0,3,1,4,1,1,0,2,2,1
110,0,0,1,1,1,1,2,1,2,0,1
111,0,0,2,1,4,0,0,1,2,0,1
112,0,0,2,2,1,1,0,4,2,5,0
113,0,0,0,2,6,0,1,1,2,0,1
114,0,1,1,0,0,0,2,1,2,0,1
115,0,1,2,0,1,0,3,0,0,1,1
116,0,0,3,1,4,1,0,4,2,5,1
117,0,0,0,1,6,0,2,1,2,0,1
118,0,0,1,1,1,1,2,0,2,0,0
119,0,0,2,1,1,1,3,0,0,1,1
120,0,0,0,0,1,1,3,0,2,0,1
121,0,0,3,0,1,1,3,1,2,0,1
122,0,0,2,2,6,1,1,3,2,5,1
123,0,0,2,1,1,1,3,1,2,0,1
124,0,0,3,0,1,1,3,4,2,5,1
125,0,0,2,1,1,0,2,1,2,0,1
126,0,0,1,0,1,0,3,1,2,0,1
127,0,1,2,0,3,0,2,1,2,0,1
128,0,1,0,0,1,1,3,1,2,0,1
129,0,1,0,0,9,0,2,1,2,0,1
130,0,0,1,1,4,1,1,0,0,1,1
131,0,0,1,0,0,1,2,0,0,1,1
132,0,0,1,2,5,1,0,0,0,1,1
133,0,0,3,1,6,1,1,0,0,1,1
134,0,1,2,0,3,1,2,1,2,0,1
135,0,0,0,0,9,0,2,0,0,1,1
136,0,0,3,0,2,1,2,0,0,1,1
137,0,0,3,0,2,0,2,4,2,5,0
138,0,0,3,0,1,1,2,4,2,5,0
139,0,1,1,0,3,1,2,0,0,1,1
140,0,1,3,1,4,1,1,1,2,0,1
141,0,0,0,0,1,0,3,1,2,0,1
142,0,0,3,0,2,1,2,1,2,0,0
143,0,0,2,1,0,1,0,1,2,0,1
144,0,0,0,0,9,0,2,0,2,2,0
145,0,1,2,0,5,0,0,4,2,5,1
146,0,0,1,0,1,1,2,1,2,0,1
147,0,0,2,0,1,1,2,1,2,0,0
148,0,0,2,1,1,1,3,0,2,0,1
149,0,0,2,1,0,1,0,0,2,2,0
150,0,0,2,0,2,1,0,1,2,0,1
151,0,0,0,1,0,1,2,1,2,0,0
152,0,1,2,1,6,1,2,4,2,5,0
153,0,0,1,1,0,1,0,1,2,0,0
154,0,0,0,0,9,0,2,1,2,0,0
155,0,0,1,2,6,0,1,1,2,0,1
156,0,0,1,1,1,1,2,1,2,0,1
157,0,1,1,0,3,0,2,1,2,0,0
158,0,0,2,1,1,1,2,1,2,0,0
159,0,0,1,0,1,1,0,4,2,5,0
160,0,0,2,0,7,1,0,1,2,0,1
161,0,0,3,1,4,1,1,0,2,2,0
162,0,0,1,1,1,1,0,1,2,0,0
163,0,0,0,0,0,0,2,1,2,0,1
164,0,0,3,1,6,1,2,1,2,0,0
165,0,0,1,1,4,1,0,0,0,1,0
166,0,0,1,0,0,1,0,1,2,0,1
167,0,1,2,0,3,1,2,1,2,0,1
168,0,0,1,0,0,1,2,1,2,0,1
169,0,0,3,0,1,1,3,1,2,0,0
170,0,0,3,0,1,1,2,1,2,0,1
171,0,1,0,0,9,0,2,1,2,0,1
172,0,0,3,0,1,1,2,4,2,5,1
173,0,0,3,0,1,1,3,1,2,0,1
174,0,0,2,0,1,1,2,4,2,5,0
175,0,0,2,2,6,1,0,0,0,1,1
176,0,0,1,1,7,1,0,0,0,1,1
177,0,0,2,0,1,1,2,1,2,0,0
178,0,0,3,0,1,1,0,1,2,0,1
179,0,0,1,0,1,1,2,1,2,0,1
180,0,0,1,1,6,1,2,1,2,0,1
181,0,0,1,0,1,1,3,1,2,0,1
182,0,0,1,1,4,1,0,1,2,0,1
183,0,0,0,0,9,0,2,1,2,0,0
184,0,0,3,1,4,0,0,1,2,0,0
185,0,0,2,1,4,1,0,4,2,5,1
186,0,0,3,0,2,1,2,4,2,5,0
187,0,0,0,0,1,1,2,1,2,0,0
188,0,0,2,0,1,1,3,4,2,5,0
189,0,0,3,0,2,1,2,4,2,5,1
190,0,0,0,0,9,1,2,4,2,5,0
191,0,0,3,0,1,1,3,1,2,0,1
192,0,0,3,0,2,1,3,1,2,0,0
193,0,0,2,0,1,1,3,0,0,1,1
194,0,0,3,1,1,1,3,1,2,0,0
195,0,0,1,1,0,1,0,1,2,0,1
196,0,0,2,1,4,1,3,1,2,0,1
197,0,0,1,0,1,0,2,1,2,0,1
198,0,0,2,1,6,1,2,1,2,0,1
199,0,0,1,1,4,1,0,1,2,0,1
200,0,0,1,1,0,1,0,1,2,0,1
201,0,0,2,1,0,1,0,1,2,0,1
202,0,0,1,1,4,1,0,1,2,0,1
203,0,0,1,0,0,1,0,1,2,0,1
204,0,0,2,0,1,1,2,1,2,0,0
205,0,0,1,1,6,1,2,1,2,0,1
206,0,0,3,0,0,1,0,1,2,0,1
207,0,0,1,0,1,1,2,1,2,0,1
208,0,0,2,1,1,1,2,1,2,0,1
209,0,0,2,1,0,1,0,4,2,5,0
210,0,1,1,1,6,1,2,0,0,1,0
211,0,0,1,2,1,1,0,1,2,0,1
212,0,0,2,0,1,1,2,1,2,0,1
213,0,0,3,0,0,1,0,1,2,0,1
214,0,1,2,1,6,1,3,1,2,0,1
215,0,0,1,1,0,1,0,1,2,0,1
216,0,0,3,0,1,1,3,1,2,0,0
217,0,0,1,0,1,1,2,1,2,0,1
218,0,1,2,1,0,1,1,1,2,0,0
219,0,0,2,0,1,1,3,1,2,0,1
220,0,0,1,0,1,1,3,1,2,0,1
221,0,1,1,1,1,0,1,1,2,0,0
222,0,0,2,2,4,1,1,1,2,0,0
223,0,0,2,1,1,1,2,1,2,0,1
224,0,1,1,1,0,0,2,1,2,0,0
225,0,0,2,1,4,0,1,1,2,0,0
226,0,1,2,0,1,1,0,1,2,0,0
227,0,1,2,1,1,1,0,4,2,5,0
228,0,0,1,1,0,1,0,1,2,0,0
229,0,1,1,0,1,1,0,1,2,0,1
230,0,1,1,1,1,1,0,1,2,0,1
231,0,0,3,2,1,1,3,1,2,0,0
232,0,0,2,0,1,1,0,1,2,0,0
233,0,0,2,1,1,1,0,1,2,0,0
234,0,0,2,0,0,1,2,4,2,5,1
235,0,0,1,0,1,1,3,4,2,5,1
236,0,0,2,1,1,1,3,0,2,0,1
237,0,0,2,1,1,1,3,4,2,5,0
238,0,0,3,1,2,1,2,0,0,1,1
239,0,0,3,1,2,1,0,4,2,5,1
240,0,0,1,1,1,0,0,0,0,1,1
241,0,0,0,1,1,1,0,4,2,5,1
242,0,0,1,1,1,0,2,4,2,5,1
243,0,0,2,2,0,1,0,1,2,0,1
244,0,1,0,1,1,0,0,4,2,5,0
245,0,1,1,1,1,0,2,4,2,5,0
246,0,1,0,1,1,0,2,4,2,5,0
247,0,1,0,0,1,0,3,4,2,5,0
248,0,0,0,1,1,0,2,4,2,5,0
249,0,1,0,0,1,0,2,4,2,5,0
250,0,1,0,1,1,0,2,4,2,5,0
251,0,0,2,0,2,1,3,1,2,0,1
252,0,0,2,0,1,1,2,0,0,1,0
253,0,1,0,2,7,0,0,4,2,5,1
254,0,0,2,1,4,1,0,4,2,5,1
255,0,0,3,1,1,1,3,1,2,0,0
256,0,0,3,0,2,1,2,4,2,5,0
257,0,0,3,0,2,1,3,4,2,5,1
258,0,0,3,0,2,1,0,4,2,5,1
259,0,0,3,0,2,1,0,1,2,0,1
260,0,0,2,2,1,1,3,3,2,5,0
261,0,1,2,1,4,1,0,1,2,0,1
262,0,0,1,1,1,1,2,1,2,0,0
263,0,0,2,1,2,1,2,3,2,5,0
264,0,0,2,2,5,1,0,1,2,0,1
265,0,0,2,1,1,1,3,3,2,5,1
266,0,0,2,2,7,1,1,4,2,5,1
267,0,0,2,2,7,1,0,4,2,5,1
268,0,1,0,0,9,0,2,0,0,1,1
269,0,0,1,1,1,1,0,4,2,5,1
270,0,0,2,0,1,1,2,1,2,0,1
271,0,0,1,1,0,1,0,1,2,0,1
272,0,0,1,1,1,0,3,3,2,5,1
273,0,0,1,2,1,0,2,1,2,0,1
274,0,0,3,2,5,1,0,1,2,0,1
275,0,1,2,0,3,1,3,3,2,5,1
276,0,1,2,0,3,0,3,1,2,0,1
277,0,0,2,1,1,1,3,1,2,0,1
278,0,0,3,0,2,0,3,3,2,5,0
279,0,1,1,1,6,1,1,1,2,0,1
280,0,0,3,2,4,1,1,3,2,5,0
281,0,0,3,1,8,1,2,3,2,5,0
282,0,0,3,0,1,1,3,3,2,5,0
283,0,0,2,1,1,1,2,1,2,0,1
284,0,0,0,0,1,0,3,3,2,5,1
285,0,1,2,0,3,1,3,3,2,5,1
286,0,0,2,2,0,1,2,3,2,5,0
287,0,1,2,1,4,0,0,3,2,5,1
288,0,0,2,1,0,1,2,1,2,0,1
289,0,0,3,1,1,1,2,3,2,5,1
290,0,0,1,1,4,0,0,3,2,5,0
291,0,0,2,2,5,1,0,4,2,5,1
292,0,1,1,0,3,1,2,3,2,5,0
293,0,0,0,0,9,0,2,1,2,0,1
294,0,0,1,2,8,1,0,1,2,0,1
295,0,0,0,1,0,1,0,1,2,0,1
296,0,1,2,1,1,0,2,3,2,5,1
297,0,1,0,1,4,1,0,1,2,0,1
298,0,0,3,2,8,1,0,3,2,5,1
299,0,0,0,0,0,1,0,1,2,0,0
300,0,0,1,0,1,0,3,4,2,5,0
301,0,0,0,1,1,1,3,0,2,0,0
302,0,0,2,1,4,1,0,4,2,5,0
303,0,0,0,1,6,0,0,0,2,0,1
304,0,0,1,2,7,1,0,3,2,5,0
305,0,0,1,2,0,1,0,1,2,0,0
306,0,0,1,1,5,1,0,4,2,5,0
307,0,0,1,1,8,1,2,1,2,0,1
308,0,1,0,1,4,1,2,1,2,0,1
309,0,1,2,1,7,1,0,1,2,0,0
310,0,0,2,1,2,1,2,4,2,5,1
311,0,1,2,1,4,0,3,4,2,5,0
312,0,0,1,1,4,1,1,1,2,0,0
313,0,0,2,1,8,1,0,0,0,1,0
314,0,0,3,1,2,1,2,4,2,5,1
315,0,0,3,1,8,1,0,1,2,0,1
316,0,1,2,0,1,1,3,4,2,5,0
317,0,0,1,1,0,1,0,1,2,0,0
318,0,0,3,1,2,1,0,1,2,0,1
319,0,0,1,0,1,1,0,1,2,0,0
320,0,0,2,1,1,1,2,3,2,5,0
321,0,0,1,1,0,1,2,1,2,0,1
322,0,0,0,0,9,1,1,1,2,0,0
323,0,0,2,1,1,1,3,4,2,5,1
324,0,1,1,0,1,1,2,0,2,0,0
325,0,0,2,1,6,1,0,1,2,0,1
326,0,0,3,2,7,1,0,1,2,0,0
327,0,0,2,0,7,1,0,1,2,0,1
328,0,1,1,1,0,1,0,4,2,5,0
329,0,0,0,1,4,1,2,1,2,0,1
330,0,0,1,0,1,1,2,1,2,0,0
331,0,0,3,1,5,1,0,1,2,0,0
332,0,0,1,1,8,1,0,1,2,0,0
333,0,0,2,1,6,1,0,1,2,0,0
334,0,0,2,0,1,1,3,1,2,0,0
335,0,0,1,1,0,1,2,1,2,0,1
336,0,1,2,1,4,1,0,1,2,0,0
337,0,0,3,0,1,1,2,1,2,0,1
338,0,0,2,1,4,1,3,1,2,0,0
339,0,0,1,1,8,1,0,1,2,0,0
340,0,0,2,1,0,1,0,1,2,0,0
341,0,0,3,1,4,1,0,0,0,1,1
342,0,1,1,0,0,1,0,4,2,5,1
343,0,0,3,1,1,1,2,4,2,5,0
344,0,0,1,1,1,1,2,0,2,2,0
345,0,0,1,1,4,1,1,1,2,0,1
346,0,0,0,0,1,0,0,1,2,0,1
347,0,0,0,0,9,0,1,4,2,5,0
348,0,0,3,1,8,1,0,1,2,0,0
349,0,0,3,0,2,1,3,1,2,0,0
350,0,1,2,0,1,1,3,0,0,1,0
351,0,0,3,0,2,1,1,3,2,5,0
352,0,0,1,0,0,1,2,1,2,0,0
353,0,1,0,1,1,0,0,0,2,2,1
354,0,0,3,1,6,1,0,0,0,1,1
355,0,0,1,1,0,1,0,0,0,1,1
356,0,0,2,1,1,1,3,3,2,5,0
357,0,0,1,1,0,1,2,0,2,2,1
358,0,0,2,1,1,1,0,1,2,0,0
359,0,0,0,1,0,1,0,0,2,2,0
360,0,0,1,0,1,0,2,1,2,0,1
361,0,0,2,1,5,1,2,1,2,0,0
362,0,1,1,0,1,0,3,0,0,1,1
363,0,0,1,0,1,1,0,3,2,5,1
364,0,0,3,1,4,1,3,3,2,5,0
365,0,0,3,0,1,1,2,0,2,2,0
366,0,0,2,1,4,1,3,3,2,5,0
367,0,0,3,1,7,1,0,1,2,0,0
368,0,0,2,1,1,1,2,0,0,1,1
369,0,0,2,1,8,1,0,0,2,2,1
370,0,0,2,0,1,1,3,0,0,1,1
371,0,0,3,0,2,1,0,0,0,1,0
372,0,0,3,0,2,1,2,3,2,5,0
373,0,0,2,1,1,1,2,1,2,0,0
374,0,1,0,1,6,0,2,0,0,1,1
375,0,0,0,1,6,0,2,1,2,0,1
376,0,0,1,1,0,1,0,0,2,2,0
377,0,0,1,0,9,1,2,1,2,0,1
378,0,0,3,0,2,1,3,0,2,2,0
379,0,0,3,0,2,1,3,1,2,0,1
380,0,0,0,0,7,1,0,0,2,2,0
381,0,0,1,0,1,1,2,1,2,0,1
382,0,0,0,1,0,0,2,0,2,0,1
383,0,0,0,0,9,0,0,1,2,0,0
384,0,0,3,0,2,1,1,3,2,5,0
385,0,1,2,1,1,0,0,4,2,5,0
386,0,0,2,1,1,1,2,1,2,0,1
387,0,0,3,1,2,1,3,1,2,0,1
388,0,0,1,0,0,1,2,1,2,0,0
389,0,0,1,1,4,1,1,1,2,0,1
390,0,1,2,1,2,0,3,4,2,5,0
391,0,0,2,1,1,1,3,4,2,5,0
392,0,0,2,0,1,1,3,0,0,1,0
393,0,0,2,0,1,1,3,1,2,0,1
394,0,0,1,1,0,1,0,1,2,0,1
395,0,1,0,0,3,1,2,0,0,1,1
396,0,0,3,1,7,1,0,1,2,0,1
397,0,0,1,2,6,1,1,1,2,0,1
398,0,1,1,0,1,1,3,4,2,5,0
399,0,0,1,1,4,1,0,0,2,2,1
400,0,0,1,1,4,1,0,3,2,5,0
401,0,1,1,2,4,0,0,0,2,0,1
402,0,0,1,1,5,0,0,0,2,2,0
403,0,0,0,1,0,1,0,4,2,5,0
404,0,0,1,1,0,1,0,0,2,2,0
405,0,1,0,1,7,0,0,0,2,0,1
406,0,0,0,1,6,1,0,0,2,2,0
407,0,0,0,0,9,0,2,0,2,2,0
408,0,1,0,0,9,0,0,0,2,2,0
409,0,1,1,0,1,1,3,0,0,1,1
410,0,0,0,0,9,0,0,0,2,2,0
411,0,0,1,1,4,1,0,0,2,2,0
412,0,0,1,0,1,1,0,3,2,5,0
413,0,0,0,0,9,0,0,0,2,2,0
414,0,0,1,0,1,1,2,3,2,5,0
415,0,0,3,1,1,1,1,0,2,0,0
416,0,0,1,1,4,1,0,0,2,2,0
417,0,0,3,0,2,1,2,0,2,2,0
418,0,0,2,1,6,1,0,0,2,2,1
419,0,0,3,0,2,1,0,3,2,5,1
420,0,0,3,0,2,0,0,0,0,1,0
421,0,1,2,1,4,1,0,0,2,2,0
422,0,0,2,1,1,1,3,3,2,5,0
423,0,0,3,1,1,0,3,3,2,5,0
424,0,0,0,0,9,0,0,0,2,2,0
425,0,0,1,1,4,1,0,3,2,5,0
426,0,0,2,0,1,1,3,3,2,5,0
427,0,0,1,0,1,1,2,0,2,2,0
428,0,0,2,1,0,1,0,0,2,0,1
429,0,0,1,1,7,0,1,0,2,2,1
430,0,1,2,0,3,0,2,3,2,5,1
431,0,1,0,1,6,0,2,0,2,2,0
432,0,0,0,0,9,1,2,1,2,0,1
433,0,0,2,0,1,1,0,1,2,0,1
434,0,0,1,0,1,0,3,0,0,1,0
435,0,0,2,0,1,1,3,1,2,0,0
436,0,1,1,2,1,0,0,1,2,0,0
437,0,0,2,1,4,1,0,0,2,2,0
438,0,0,2,1,1,1,2,1,2,0,1
439,0,0,3,0,2,1,3,1,2,0,0
440,0,0,1,0,1,1,2,1,2,0,0
441,0,0,1,1,1,1,0,1,2,0,1
442,0,0,1,0,1,1,3,0,2,2,1
443,0,0,3,0,1,1,0,0,2,2,1
444,0,1,3,0,1,0,3,1,2,0,0
445,0,0,3,0,1,1,3,0,2,0,0
446,0,0,2,0,1,1,2,0,0,1,1
447,0,0,0,0,1,0,1,0,2,2,0
448,0,0,2,0,1,1,2,0,0,1,0
449,0,1,2,1,6,1,0,0,0,1,1
450,0,0,3,0,1,1,2,1,2,0,0
451,0,0,3,0,2,0,0,0,2,2,1
452,0,0,0,0,9,0,0,0,0,1,1
453,0,1,3,0,1,1,2,1,2,0,0
454,0,0,1,1,1,1,2,1,2,0,1
455,0,0,2,0,1,1,0,1,2,0,1
456,0,1,2,1,4,0,1,1,2,0,0
457,0,0,2,1,1,1,0,1,2,0,0
458,0,0,1,0,4,1,1,1,2,0,1
459,0,0,0,0,1,0,2,0,2,2,0
460,0,0,2,0,1,1,3,1,2,0,0
461,0,1,2,0,3,1,3,0,0,1,1
462,0,0,2,0,1,1,2,0,2,2,0
463,0,0,1,0,0,1,2,1,2,0,0
464,0,0,3,0,2,1,2,1,2,0,0
465,0,0,0,1,0,0,2,0,0,1,1
466,0,0,2,0,1,1,3,1,2,0,1
467,0,1,1,0,3,1,2,0,0,1,0
468,0,0,2,0,1,1,3,0,0,1,1
469,0,0,2,1,4,1,3,1,2,0,0
470,0,0,1,1,0,1,0,1,2,0,1
471,0,0,1,1,8,0,2,0,2,2,0
472,0,0,1,0,1,1,2,0,2,2,0
473,0,0,3,0,2,1,2,3,2,5,1
474,0,0,1,1,0,1,0,0,2,2,0
475,0,1,0,1,4,1,0,1,2,0,1
476,0,0,0,0,9,0,2,0,2,2,0
477,0,0,0,0,1,0,2,0,2,2,0
478,0,0,2,0,1,1,2,0,2,2,0
479,0,0,1,0,1,0,3,1,2,0,0
480,0,0,0,2,0,1,0,1,2,0,1
481,0,0,1,1,0,1,0,0,2,2,0
482,0,0,0,0,1,0,2,0,2,2,0
483,0,0,0,1,0,0,0,0,2,2,0
484,0,0,2,1,8,1,0,0,2,2,0
485,0,0,1,0,1,1,3,1,2,0,0
486,0,0,3,0,1,1,3,1,2,0,0
487,0,0,1,0,1,1,0,0,2,2,0
488,0,0,3,1,7,1,3,3,2,5,0
489,0,0,2,0,1,1,2,0,2,0,0
490,0,0,1,1,0,1,0,3,2,5,1
491,0,0,3,1,1,1,0,1,2,0,0
492,0,0,3,0,1,1,2,1,2,0,1
493,0,0,2,1,1,1,0,0,2,2,0
494,0,0,2,0,1,1,0,0,0,1,0
495,0,1,2,0,1,0,2,0,0,1,0
496,0,0,2,0,1,1,0,0,2,2,0
497,0,0,2,0,1,1,3,0,2,2,1
498,0,0,2,1,0,1,0,0,2,2,0
499,0,0,0,1,4,0,0,1,2,0,0
500,0,0,0,0,1,0,2,1,2,0,0
501,0,0,0,2,7,0,0,0,2,2,0
502,0,1,1,0,1,0,0,0,2,2,0
503,0,0,0,0,1,0,2,0,2,2,0
504,0,0,3,0,1,1,3,0,0,1,0
505,0,0,2,0,1,1,3,0,2,2,1
506,0,0,2,1,1,1,3,0,2,2,0
507,0,1,2,0,3,0,0,0,2,2,0
508,0,0,1,1,0,1,3,1,2,0,1
509,0,0,0,0,9,0,0,0,2,2,0
510,0,0,1,1,0,1,0,1,2,0,1
511,0,0,0,0,7,1,0,1,2,0,0
512,0,0,2,1,0,1,0,1,2,0,0
513,0,1,1,1,1,1,2,1,2,0,1
514,0,0,1,1,6,0,1,1,2,0,0
515,0,0,0,1,0,0,0,0,0,1,0
516,0,0,2,1,8,1,0,1,2,0,1
517,0,0,0,0,9,0,0,1,2,0,0
518,0,0,1,0,1,1,0,1,2,0,1
519,0,1,3,1,1,1,0,1,2,0,1
520,0,0,3,1,2,1,3,1,2,0,1
521,0,0,1,1,1,1,3,1,2,0,1
522,0,1,2,1,1,1,2,1,2,0,1
523,0,1,2,0,3,1,3,1,2,0,0
524,0,0,2,1,1,0,3,1,2,0,1
525,0,0,2,1,4,1,0,1,2,0,1
526,0,1,2,0,3,1,3,4,2,5,1
527,0,0,3,0,0,1,3,1,2,0,1
528,0,0,0,0,1,0,3,0,2,2,0
529,2,1,0,1,1,1,2,2,3,5,0
530,2,0,2,1,1,1,3,2,1,4,1
531,2,0,2,0,1,1,2,2,1,4,1
532,2,0,0,1,0,1,2,2,4,3,0
533,2,0,1,0,1,0,3,2,3,5,0
534,2,0,0,0,9,0,0,2,3,5,1
535,2,0,0,0,1,0,3,2,4,3,0
536,2,0,1,0,1,1,0,2,4,3,1
537,2,0,2,0,1,1,2,2,3,5,1
538,2,0,1,0,0,1,2,2,4,3,0
539,2,0,0,0,9,0,2,2,4,3,0
540,2,0,0,0,9,0,2,2,4,3,0
541,2,1,0,1,6,0,0,2,3,2,0
542,2,0,1,0,1,1,3,2,3,2,0
543,2,0,2,1,1,1,2,2,4,3,0
544,2,0,1,1,1,0,2,2,4,3,0
545,2,0,0,0,9,0,2,2,4,3,0
546,2,0,1,1,4,1,0,2,1,4,0
547,2,0,0,0,9,0,0,2,4,3,0
548,2,0,0,0,1,0,3,2,3,5,0
549,2,0,1,1,1,0,3,2,1,4,1
550,2,0,2,1,2,1,2,2,3,5,1
551,2,0,2,1,1,1,3,2,1,4,1
552,2,0,3,1,7,1,0,2,3,5,1
553,2,1,3,0,2,1,0,2,1,4,1
554,2,0,1,1,1,1,3,2,4,3,0
555,2,0,0,0,9,0,0,2,4,3,0
556,2,0,1,1,7,1,0,2,4,3,1
557,2,0,1,1,1,1,2,2,1,4,1
558,2,0,2,1,1,1,2,2,1,4,1
559,2,0,0,0,9,0,2,2,4,3,1
560,2,0,0,0,9,0,2,2,4,3,1
561,2,1,0,0,9,0,2,2,4,3,0
562,2,0,1,0,1,1,2,2,4,3,1
563,2,0,0,0,9,0,0,2,4,3,0
564,2,0,2,0,6,1,0,2,4,3,0
565,2,0,2,2,1,1,3,2,4,3,1
566,2,1,0,0,9,0,2,2,4,3,0
567,2,0,0,0,9,0,2,2,1,4,0
568,2,0,1,0,1,1,3,2,1,4,0
569,2,0,0,0,9,0,2,2,4,3,0
570,2,0,1,1,8,1,0,2,4,3,0
571,2,0,3,1,1,1,2,2,4,3,0
572,2,1,3,1,7,0,0,2,3,5,1
573,2,0,0,0,1,0,2,2,4,3,0
574,2,0,0,0,1,1,1,2,4,3,0
575,2,0,1,1,6,1,2,2,4,3,0
576,2,0,0,0,9,0,0,2,1,4,0
577,2,0,1,1,1,1,2,2,3,2,0
578,2,1,2,1,4,1,0,2,3,5,1
579,2,0,0,1,1,0,2,2,4,3,0
580,2,1,2,0,1,0,0,2,3,5,0
581,2,0,3,1,5,1,0,2,1,4,0
582,2,0,2,1,1,1,2,2,4,3,0
583,2,0,1,0,1,1,3,2,1,4,0
584,2,1,1,0,1,0,3,2,1,4,0
585,2,0,1,1,1,1,2,2,4,3,0
586,2,0,1,0,1,1,0,2,4,3,0
587,2,0,1,0,1,1,3,2,1,4,0
588,2,1,0,0,9,0,2,2,4,3,0
589,2,0,1,0,0,1,2,2,3,2,1
590,2,0,0,0,9,0,2,2,4,3,0
591,2,0,2,1,6,1,0,2,1,4,0
592,2,0,3,1,1,1,0,2,3,5,0
593,2,0,0,0,1,0,2,2,1,4,0
594,2,0,0,0,1,1,2,2,4,3,0
595,2,0,0,1,1,0,3,2,4,3,0
596,2,0,2,0,1,0,3,2,4,3,0
597,2,0,3,0,2,1,2,2,3,5,0
598,2,0,0,0,9,1,0,2,4,3,0
599,2,0,0,0,1,0,2,2,4,3,0
600,2,0,0,0,1,1,3,2,4,3,0
601,2,0,1,0,1,1,3,2,4,3,0
602,2,1,0,0,4,0,0,2,1,4,0
603,2,1,0,0,9,0,2,2,1,4,0
604,2,0,0,0,9,1,0,2,4,3,0
605,2,0,2,0,1,1,3,2,4,3,0
606,2,0,2,0,1,1,3,2,4,3,0
607,2,0,2,0,1,1,2,2,1,4,0
608,2,0,0,0,9,0,0,2,4,3,0
609,2,0,0,0,9,0,2,2,3,2,1
610,2,1,0,1,9,0,2,2,4,3,0
611,2,1,0,0,9,0,0,2,3,5,1
612,2,0,1,1,7,0,0,2,1,4,0
613,2,0,2,1,7,1,0,2,1,4,0
614,2,0,0,0,1,1,3,2,3,2,0
615,2,1,0,0,3,0,2,2,3,2,1
616,2,0,1,0,1,0,2,2,1,4,0
617,2,1,0,0,1,0,2,2,4,3,1
618,2,0,3,0,2,1,0,2,3,5,1
619,1,1,0,0,9,0,2,5,3,5,0
620,1,1,2,0,1,1,2,2,3,0,1
621,1,1,2,1,6,1,0,2,3,0,1
622,1,0,1,1,1,1,0,2,1,4,1
623,1,0,0,0,9,0,2,5,3,5,1
624,1,1,0,0,3,0,2,6,1,4,1
625,1,1,2,0,3,1,3,5,1,4,1
626,1,1,0,0,9,0,2,6,1,4,1
627,1,0,0,0,9,0,2,2,3,5,0
628,1,1,0,0,9,0,2,6,1,4,1
629,1,0,1,2,1,0,0,6,1,4,1
630,1,0,1,1,1,1,2,2,3,0,1
631,1,0,1,1,4,1,1,5,3,0,1
632,1,0,0,0,9,0,2,5,1,4,1
633,1,1,3,0,2,0,0,2,3,0,1
634,1,0,3,0,2,1,0,5,3,5,1
635,1,0,2,0,1,1,3,2,3,0,1
636,1,0,2,2,8,1,0,2,3,0,1
637,1,0,2,1,1,1,2,5,3,0,1
638,1,1,0,0,9,0,2,5,3,0,0
639,1,0,0,1,0,0,0,2,3,0,1
640,1,1,1,1,1,1,2,2,3,0,1
641,1,0,0,1,1,0,2,5,3,0,1
642,1,0,1,1,6,1,0,2,3,0,1
643,1,0,3,1,2,1,2,2,3,0,1
644,1,0,1,1,5,1,0,5,3,5,0
645,1,1,1,1,4,1,0,2,3,0,0
646,1,1,3,1,4,0,0,2,3,0,1
647,1,0,1,0,1,1,2,2,3,0,0
648,1,0,0,1,1,0,2,2,3,0,0
649,1,1,1,1,5,1,0,2,3,0,1
650,1,1,2,1,4,1,0,2,3,0,0
651,1,1,2,1,4,0,0,2,3,0,1
652,1,1,0,0,9,0,2,5,3,0,0
653,1,0,1,1,1,1,0,2,3,0,1
654,1,0,1,1,1,1,2,2,3,0,1
655,1,0,2,1,1,1,2,2,3,0,0
656,1,1,1,2,4,0,0,5,3,5,1
657,1,0,2,2,6,1,0,2,3,0,1
658,1,0,1,0,1,1,0,2,3,0,0
659,1,0,0,0,9,0,2,2,3,0,1
660,1,0,0,0,9,1,3,2,3,5,0
661,1,0,1,1,1,0,2,2,3,0,1
662,1,0,2,2,7,0,0,5,3,0,1
663,1,1,2,1,4,1,0,2,3,0,0
664,1,1,1,1,3,0,2,2,3,0,0
665,1,0,1,2,6,0,0,2,3,0,1
666,1,0,2,1,1,1,2,2,3,0,0
667,1,1,1,0,1,1,2,2,3,0,1
668,1,0,3,0,1,1,3,2,3,0,1
669,1,0,1,1,0,0,0,5,3,0,1
670,1,1,1,1,4,1,0,2,3,0,1
671,1,1,3,0,2,1,3,2,3,0,1
672,1,0,2,0,1,0,3,5,3,0,1
673,1,0,0,0,9,0,3,5,3,0,1
674,1,0,0,0,9,1,2,5,3,0,1
675,1,1,0,0,9,0,2,5,3,0,1
676,1,0,2,1,4,1,2,2,3,0,1
677,1,0,0,1,1,0,2,5,3,0,1
678,1,1,1,1,4,0,0,5,3,0,1
679,1,0,0,0,9,0,3,5,3,0,1
680,1,0,0,0,1,1,2,5,3,0,1
681,1,1,0,0,1,0,2,5,3,0,1
682,1,0,3,2,0,1,0,5,3,0,1
683,1,0,1,1,1,0,0,2,3,0,1
684,1,1,0,0,9,1,0,2,3,0,1
685,1,0,2,1,4,1,0,5,3,0,1
686,1,0,1,1,1,0,3,5,3,0,0
687,1,1,2,0,1,1,3,2,3,0,1
688,1,0,1,0,0,1,2,5,3,5,1
689,1,0,3,0,2,1,0,5,3,0,1
690,1,0,2,2,8,1,0,2,3,0,1
691,1,1,1,1,4,0,0,5,3,0,1
692,1,0,3,2,4,0,1,2,3,0,1
693,1,1,1,1,7,1,2,2,3,0,1
694,1,1,1,1,4,1,0,2,3,0,1
695,1,0,1,1,5,1,2,6,3,0,1
696,1,0,2,1,1,1,3,2,3,0,1
697,1,0,2,1,1,1,2,2,3,0,1
698,1,0,0,0,9,0,2,5,1,4,0
699,1,0,1,0,1,1,3,6,3,0,1
700,1,1,0,0,9,0,2,6,1,4,0
701,1,0,2,0,1,1,3,2,3,0,1
702,1,0,2,2,6,1,0,2,3,0,1
703,1,1,1,2,6,1,0,5,1,4,0
704,1,0,2,1,5,1,0,2,1,4,1
705,1,0,3,2,1,1,0,5,1,4,1
706,1,0,2,0,1,1,2,2,1,4,1
707,1,1,0,0,9,0,3,6,1,4,0
708,1,0,1,0,0,1,2,2,3,0,1
709,1,1,2,1,6,1,0,5,3,0,1
710,1,0,1,0,1,1,3,5,3,0,1
711,1,0,2,1,1,1,2,2,3,0,1
712,1,0,2,0,1,1,2,5,1,4,1
713,1,0,0,0,9,0,2,6,3,0,1
714,1,1,0,0,9,0,0,5,1,4,1
715,1,0,2,2,5,1,1,2,3,0,1
716,1,1,1,1,3,1,2,2,1,4,0
717,1,1,0,0,9,0,0,2,3,0,1
718,1,0,1,2,4,1,0,2,1,4,1
719,1,0,2,1,1,1,3,2,3,0,1
720,1,0,2,2,1,1,3,5,3,0,1
721,1,1,2,0,3,1,2,5,3,0,0
722,1,1,0,0,9,0,2,5,1,4,1
723,1,0,1,0,1,0,3,2,3,0,1
724,1,0,1,1,1,1,2,2,3,0,1
725,1,0,0,1,1,1,0,2,3,0,1
726,1,0,1,0,1,0,0,2,3,0,1
727,1,0,2,2,1,1,2,5,3,0,1
728,1,0,2,1,4,1,0,2,3,0,1
729,1,0,1,1,1,1,3,5,3,0,1
730,1,0,2,2,6,0,0,2,3,0,1
731,1,1,1,2,4,0,0,5,3,0,1
732,1,0,2,0,1,1,0,2,3,0,1
733,1,0,1,1,4,1,0,5,3,5,1
734,1,0,2,0,1,1,0,5,3,0,1
735,1,0,2,1,1,1,0,2,3,0,1
736,1,0,0,1,6,0,2,2,3,0,1
737,1,0,0,0,1,0,0,2,3,0,1
738,1,1,1,0,3,1,2,2,3,0,1
739,1,1,1,1,4,0,2,5,1,4,1
740,1,1,3,1,4,0,3,5,3,0,1
741,1,0,1,0,1,1,0,2,3,0,1
742,1,1,0,0,1,0,3,2,1,4,1
743,1,1,0,0,3,1,0,2,3,0,1
744,1,0,1,0,1,1,3,5,3,0,1
745,1,0,0,1,1,0,2,2,3,0,1
746,1,1,0,0,9,0,2,5,1,4,1
747,1,1,0,1,1,1,0,5,1,4,1
748,1,1,0,0,1,1,3,5,3,0,1
749,1,1,3,0,3,1,3,5,3,5,1
750,1,0,1,1,1,0,3,5,1,4,1
751,1,0,3,0,1,1,2,5,1,4,1
752,1,0,0,0,1,0,3,5,1,4,1
753,1,0,0,0,1,0,0,5,3,0,0
754,1,0,1,0,1,0,3,2,3,0,1
755,1,0,2,2,5,1,0,2,1,4,1
756,1,0,0,0,1,1,3,2,3,0,1
757,1,0,0,1,1,0,2,2,3,5,1
758,1,0,2,2,1,1,2,2,3,0,1
759,1,0,2,2,5,1,1,2,3,0,1
760,1,0,1,2,5,1,0,2,1,4,1
761,1,0,1,0,1,1,2,2,3,0,1
762,1,0,2,1,1,1,3,2,1,4,1
763,1,0,2,1,1,1,2,2,1,4,1
764,1,1,0,0,9,1,2,5,3,0,1
765,1,0,1,0,1,1,3,2,1,4,1
766,1,1,0,0,9,0,2,6,1,4,1
767,1,1,1,1,6,1,0,2,3,0,1
768,1,1,0,0,9,0,2,6,3,5,0
769,1,1,0,0,9,0,2,6,1,4,0
770,1,0,2,1,1,1,3,2,3,0,1
771,1,1,0,0,9,0,2,6,1,4,1
772,1,0,1,1,0,1,0,2,1,4,0
773,1,0,2,2,4,1,1,2,3,0,1
774,1,1,0,0,7,1,0,6,1,4,0
775,1,0,1,0,1,1,0,5,3,0,1
776,1,1,0,1,1,0,2,5,1,4,1
777,1,0,2,1,0,0,0,2,3,0,1
778,1,0,1,1,1,1,2,2,1,4,0
779,1,1,0,0,9,0,2,5,1,4,0
780,1,1,2,0,9,1,0,5,3,0,0
781,1,1,1,0,1,0,3,5,1,4,0
782,1,1,0,0,1,0,3,5,1,4,1
783,1,0,3,0,1,1,2,5,3,0,0
784,1,1,0,0,9,0,2,5,1,4,0
785,1,1,0,0,9,0,0,5,3,0,1
786,1,0,3,1,7,1,1,2,3,0,1
787,1,0,0,1,9,0,3,5,1,4,0
788,1,0,1,1,7,1,2,2,3,0,1
789,1,1,2,1,1,1,2,2,3,0,1
790,1,1,1,2,5,0,0,2,3,0,1
791,1,1,1,1,1,0,2,5,1,4,0
792,1,1,1,2,6,1,1,2,3,0,1
793,1,0,1,2,6,0,1,5,3,0,1
794,1,1,1,1,3,1,0,2,3,0,1
795,1,1,2,1,4,0,0,5,3,0,1
796,1,0,3,1,6,1,2,2,1,4,1
797,1,1,2,1,4,1,0,2,3,0,1
798,1,1,0,1,1,0,2,2,3,0,1
799,1,1,0,0,9,0,2,6,1,4,0
800,1,0,0,0,9,0,0,5,3,0,1
801,1,0,2,1,1,1,3,2,1,4,0
802,1,1,2,0,1,1,2,2,3,5,0
803,1,1,0,0,3,1,2,2,3,0,1
804,1,1,0,0,7,1,2,2,3,0,1
805,1,0,2,1,4,0,0,5,1,4,1
806,1,0,2,2,6,1,0,5,3,0,1
807,1,0,2,1,6,1,0,6,3,0,0
808,1,1,3,0,2,1,0,2,3,0,1
809,1,0,2,1,1,1,3,2,3,0,1
810,1,1,3,1,4,1,0,2,3,0,1
811,1,0,0,0,1,0,2,5,1,4,0
812,1,0,1,2,1,0,3,2,3,0,0
813,1,1,0,0,9,0,2,5,1,4,1
814,1,1,0,0,9,0,2,5,1,4,0
815,1,1,0,0,1,1,2,5,1,4,1
816,1,0,0,1,1,1,2,5,1,4,1
817,1,0,0,2,7,0,0,2,3,0,1
818,1,1,2,0,3,1,2,2,3,0,1
819,1,1,0,1,4,1,0,5,1,4,0
820,1,0,1,1,7,1,0,5,3,0,1
821,1,1,0,1,6,0,0,5,1,4,0
822,1,0,2,1,1,1,2,2,3,0,1
823,1,0,3,2,1,1,3,2,1,4,1
824,1,1,2,1,4,1,0,2,3,0,1
825,1,1,0,0,9,0,2,5,1,4,0
826,1,1,0,0,1,1,0,5,1,4,0
827,1,0,0,0,9,0,2,6,3,5,0
828,1,1,0,0,9,1,2,5,1,4,0
829,1,1,1,0,3,1,2,5,3,0,0
830,1,0,3,0,2,1,0,2,3,0,1
831,1,1,2,1,4,1,1,2,3,0,1
832,1,1,2,2,6,1,1,5,3,0,1
833,1,0,2,1,1,0,3,5,1,4,0
834,1,1,1,0,3,1,2,5,3,0,1
835,1,0,0,0,9,0,2,5,3,0,1
836,1,0,1,1,0,1,2,2,3,0,1
837,1,1,0,1,6,1,0,5,3,0,1
838,1,1,1,1,3,1,0,2,3,0,1
839,1,0,1,1,4,0,0,2,3,0,1
840,1,1,0,0,9,0,2,5,1,4,1
841,1,1,1,1,0,1,0,5,1,4,1
842,1,1,0,0,9,0,2,5,1,4,1
843,1,0,2,1,4,1,0,5,1,4,0
844,1,0,1,2,6,1,0,5,3,0,1
845,1,1,0,0,9,0,2,5,1,4,1
846,1,1,1,1,5,1,0,5,3,0,1
847,1,1,2,0,3,1,0,2,3,0,1
848,1,0,1,1,1,1,3,2,3,0,1
849,1,0,1,1,1,1,3,5,3,0,1
850,1,1,0,0,9,0,2,5,1,4,1
851,1,1,0,1,7,0,0,5,1,4,1
852,1,0,2,0,1,1,2,2,3,0,1
853,1,1,0,0,9,0,2,5,1,4,0
854,1,1,0,0,9,0,3,5,3,0,1
855,1,1,1,2,6,0,0,6,1,4,1
856,1,1,0,0,9,0,2,5,1,4,0
857,1,0,2,1,0,1,0,5,1,4,0
858,1,0,0,0,9,0,2,5,3,0,1
859,1,1,0,0,9,0,2,5,1,4,1
860,1,1,2,1,3,1,2,5,3,0,1
861,1,1,1,0,3,1,0,2,3,0,1
862,1,1,0,0,1,1,2,5,3,0,0
863,1,1,0,0,9,0,2,5,1,4,0
864,1,1,0,0,9,0,1,6,1,4,1
865,1,0,1,0,1,0,3,5,3,0,1
866,1,0,2,1,0,1,0,5,3,0,1
867,1,0,1,1,5,1,0,2,3,0,1
868,1,0,3,2,1,1,2,2,3,0,1
869,1,1,1,0,9,0,2,5,1,4,1
870,1,1,0,1,1,0,2,5,1,4,1
871,1,0,3,2,4,1,1,5,3,0,1
872,1,0,1,0,1,1,2,2,3,0,0
873,1,0,2,1,1,1,2,6,3,0,1
874,1,0,1,2,1,1,0,2,1,4,1
875,1,1,1,0,3,1,0,2,3,0,1
876,1,0,2,2,7,1,2,5,3,0,1
877,1,0,2,0,1,1,3,2,3,0,1
878,1,0,2,1,5,1,2,5,1,4,1
879,1,1,1,0,1,1,3,5,1,4,1
880,1,0,0,0,9,0,2,5,1,4,1
881,1,1,1,0,3,1,2,5,1,4,1
882,1,1,0,0,9,0,2,6,1,4,1
883,1,1,2,0,3,0,2,2,1,4,1
884,1,0,1,1,1,1,3,5,1,4,0
885,1,0,0,0,6,1,0,5,3,0,1
886,1,0,0,1,0,0,2,5,1,4,1
887,1,1,0,0,9,0,0,2,1,4,1
888,1,1,0,0,1,0,0,5,1,4,0
889,1,0,3,1,4,1,0,2,1,4,1
890,1,0,1,1,0,1,0,5,3,0,1
891,1,0,3,1,1,1,3,2,3,0,1
892,1,0,2,1,0,1,0,5,3,0,1
893,1,1,0,0,3,1,2,5,3,0,1
894,1,1,1,0,3,1,2,5,3,5,0
895,1,1,1,0,3,1,2,2,3,0,1
896,1,0,3,1,7,1,2,5,3,0,0
897,1,0,3,0,2,1,2,2,3,0,1
898,1,1,0,0,1,0,3,2,3,0,1
899,1,1,2,0,3,1,2,2,3,0,1
900,1,1,0,1,1,0,2,2,1,4,1
901,0,0,2,1,1,1,3,4,2,5,1
902,0,1,0,0,9,0,2,1,2,0,1
903,0,0,2,0,2,1,3,1,2,0,1
904,0,0,2,0,1,1,2,0,2,0,1
905,0,0,2,0,0,1,2,1,2,0,0
906,0,0,3,0,2,1,3,0,0,1,0
907,0,0,3,2,6,1,1,1,2,0,1
908,0,0,2,0,1,1,3,1,2,0,0
909,0,1,2,1,6,0,0,1,2,0,0
910,0,0,2,1,1,1,3,1,2,0,0
911,0,0,2,1,2,1,3,1,2,0,1
912,0,0,2,0,1,1,3,1,2,0,0
913,0,0,2,0,1,1,3,1,2,0,0
914,0,1,2,0,1,0,3,1,2,0,1
915,0,0,3,1,1,1,2,1,2,0,0
916,0,0,3,1,1,1,2,1,2,0,0
917,0,0,1,0,1,1,2,1,2,0,1
918,0,0,2,1,1,1,2,1,2,0,0
919,0,0,3,0,1,1,2,1,2,0,0
920,0,0,2,1,0,1,0,1,2,0,0
921,0,0,2,0,1,1,3,1,2,0,1
922,0,0,0,1,1,1,0,1,2,0,0
923,0,0,1,1,1,1,2,1,2,0,0
924,0,1,2,1,6,1,0,1,2,0,0
925,0,0,3,1,2,1,2,4,2,5,0
926,0,0,3,0,1,1,2,1,2,0,0
927,0,0,3,1,1,1,0,1,2,0,1
928,0,0,1,1,1,1,2,1,2,0,0
929,0,0,3,1,1,1,2,1,2,0,1
930,0,0,2,1,8,1,2,0,0,1,0
931,0,1,0,1,6,0,2,1,2,0,0
932,0,1,0,1,1,0,2,1,2,0,1
933,0,0,3,0,1,1,3,0,0,1,1
934,0,0,2,0,1,1,2,1,2,0,0
935,0,0,3,0,1,1,2,1,2,0,0
936,0,1,1,0,3,1,3,1,2,0,1
937,0,0,2,0,1,1,3,1,2,0,1
938,0,1,1,0,1,0,3,0,2,0,1
939,0,0,3,0,1,1,3,1,2,0,1
940,0,0,2,0,1,1,3,0,2,0,1
941,0,1,2,0,1,1,3,0,2,0,0
942,0,0,2,0,1,1,2,1,2,0,0
943,0,0,1,1,1,1,2,1,2,0,1
944,0,0,1,1,1,1,2,1,2,0,1
945,0,1,3,0,3,1,2,1,2,0,1
946,0,1,0,1,6,0,2,1,2,0,1
947,0,0,2,0,1,1,3,1,2,0,0
948,0,0,3,1,1,1,2,1,2,0,0
949,0,1,1,1,4,1,0,1,2,0,1
950,0,0,3,1,1,1,0,1,2,0,1
951,0,0,1,0,0,1,0,1,2,0,1
952,0,0,2,0,1,1,2,4,2,5,1
953,0,0,1,0,1,1,2,1,2,0,0
954,0,0,2,2,6,1,1,1,2,0,0
955,0,0,3,1,1,1,2,1,2,0,0
956,0,0,3,1,1,1,2,1,2,0,0
957,0,0,2,1,1,1,2,1,2,0,1
958,0,0,3,1,2,0,2,4,2,5,0
959,0,0,1,1,7,0,2,1,2,0,0
960,0,0,2,1,1,1,2,1,2,0,1
961,0,0,2,0,1,1,3,4,2,5,0
962,0,1,3,2,6,1,1,1,2,0,0
963,0,0,3,0,2,1,3,1,2,0,0
964,0,0,3,0,1,1,3,1,2,0,1
965,0,0,1,1,0,1,2,4,2,5,1
966,0,0,0,2,6,0,1,1,2,0,1
967,0,0,2,1,1,1,2,1,2,0,0
968,0,0,0,0,1,0,2,1,2,0,0
969,0,0,2,1,1,1,2,1,2,0,0
970,0,1,0,0,1,1,0,0,0,1,0
971,0,1,2,0,1,0,2,1,2,0,1
972,0,1,2,0,1,0,2,1,2,0,1
973,0,0,1,2,6,1,1,4,2,5,0
974,0,1,0,0,7,0,0,0,0,1,1
975,0,0,2,1,1,1,2,1,2,0,0
976,0,0,2,0,1,1,2,1,2,0,0
977,0,0,0,0,9,0,2,1,2,0,0
978,0,1,2,1,4,1,0,0,2,0,0
979,0,1,0,0,1,0,2,0,2,0,0
980,0,1,3,2,6,1,1,0,2,0,1
981,0,0,1,1,0,1,0,0,2,0,0
982,0,0,2,0,1,1,3,1,2,0,0
983,0,0,3,0,2,1,3,1,2,0,1
984,0,0,1,1,0,1,0,1,2,0,1
985,0,0,2,1,1,1,2,1,2,0,1
986,0,0,1,0,1,1,2,1,2,0,0
987,0,0,0,1,1,1,2,1,2,0,1
988,0,0,2,1,7,0,0,1,2,0,0
989,0,0,1,1,0,0,1,4,2,5,0
990,0,0,2,1,4,1,0,1,2,0,0
991,0,0,2,0,1,1,2,1,2,0,0
992,0,0,1,1,1,1,2,1,2,0,0
993,0,0,1,1,0,1,2,1,2,0,0
994,0,0,0,0,0,1,2,1,2,0,0
995,0,0,2,0,1,1,3,1,2,0,1
996,0,0,3,1,4,1,0,1,2,0,1
997,0,0,2,2,1,0,3,1,2,0,0
998,0,0,2,0,1,1,3,0,0,1,0
999,0,0,3,2,7,1,0,3,2,5,0
1000,0,0,3,0,1,1,3,4,2,5,1
1001,0,0,3,1,1,1,2,4,2,5,1
1002,0,0,3,0,2,1,0,0,0,1,1
1003,0,1,3,0,2,0,3,4,2,5,1
1004,0,1,2,0,3,1,2,0,0,1,1
1005,0,0,2,0,1,1,2,1,2,0,1
1006,0,1,1,0,3,1,2,1,2,0,1
1007,0,1,0,1,4,1,0,3,2,5,1
1008,0,1,0,0,1,0,3,0,0,1,1
1009,0,0,3,1,4,1,0,3,2,5,1
1010,0,0,3,1,4,1,1,0,2,2,1
1011,0,0,1,1,1,1,2,1,2,0,1
1012,0,0,2,1,4,0,0,1,2,0,1
1013,0,0,2,2,1,1,0,4,2,5,0
1014,0,0,0,2,6,0,1,1,2,0,1
1015,0,1,1,0,0,0,2,1,2,0,1
1016,0,1,2,0,1,0,3,0,0,1,1
1017,0,0,3,1,4,1,0,4,2,5,1
1018,0,0,0,1,6,0,2,1,2,0,1
1019,0,0,1,1,1,1,2,0,2,0,0
1020,0,0,2,1,1,1,3,0,0,1,1
1021,0,0,0,0,1,1,3,0,2,0,1
1022,0,0,3,0,1,1,3,1,2,0,1
1023,0,0,2,2,6,1,1,3,2,5,1
1024,0,0,2,1,1,1,3,1,2,0,1
1025,0,0,3,0,1,1,3,4,2,5,1
1026,0,0,2,1,1,0,2,1,2,0,1
1027,0,0,1,0,1,0,3,1,2,0,1
1028,0,1,2,0,3,0,2,1,2,0,1
1029,0,1,0,0,1,1,3,1,2,0,1
1030,0,1,0,0,9,0,2,1,2,0,1
1031,0,0,1,1,4,1,1,0,0,1,1
1032,0,0,1,0,0,1,2,0,0,1,1
1033,0,0,1,2,5,1,0,0,0,1,1
1034,0,0,3,1,6,1,1,0,0,1,1
1035,0,1,2,0,3,1,2,1,2,0,1
1036,0,0,0,0,9,0,2,0,0,1,1
1037,0,0,3,0,2,1,2,0,0,1,1
1038,0,0,3,0,2,0,2,4,2,5,0
1039,0,0,3,0,1,1,2,4,2,5,0
1040,0,1,1,0,3,1,2,0,0,1,1
1041,0,1,3,1,4,1,1,1,2,0,1
1042,0,0,0,0,1,0,3,1,2,0,1
1043,0,0,3,0,2,1,2,1,2,0,0
1044,0,0,2,1,0,1,0,1,2,0,1
1045,0,0,0,0,9,0,2,0,2,2,0
1046,0,1,2,0,5,0,0,4,2,5,1
1047,0,0,1,0,1,1,2,1,2,0,1
1048,0,0,2,0,1,1,2,1,2,0,0
1049,0,0,2,1,1,1,3,0,2,0,1
1050,0,0,2,1,0,1,0,0,2,2,0
1051,0,0,2,0,2,1,0,1,2,0,1
1052,0,0,0,1,0,1,2,1,2,0,0
1053,0,1,2,1,6,1,2,4,2,5,0
1054,0,0,1,1,0,1,0,1,2,0,0
1055,0,0,0,0,9,0,2,1,2,0,0
1056,0,0,1,2,6,0,1,1,2,0,1
1057,0,0,1,1,1,1,2,1,2,0,1
1058,0,1,1,0,3,0,2,1,2,0,0
1059,0,0,2,1,1,1,2,1,2,0,0
1060,0,0,1,0,1,1,0,4,2,5,0
1061,0,0,2,0,7,1,0,1,2,0,1
1062,0,0,3,1,4,1,1,0,2,2,0
1063,0,0,1,1,1,1,0,1,2,0,0
1064,0,0,0,0,0,0,2,1,2,0,1
1065,0,0,3,1,6,1,2,1,2,0,0
1066,0,0,1,1,4,1,0,0,0,1,0
1067,0,0,1,0,0,1,0,1,2,0,1
1068,0,1,2,0,3,1,2,1,2,0,1
1069,0,0,1,0,0,1,2,1,2,0,1
1070,0,0,3,0,1,1,3,1,2,0,0
1071,0,0,3,0,1,1,2,1,2,0,1
1072,0,1,0,0,9,0,2,1,2,0,1
1073,0,0,3,0,1,1,2,4,2,5,1
1074,0,0,3,0,1,1,3,1,2,0,1
1075,0,0,2,0,1,1,2,4,2,5,0
1076,0,0,2,2,6,1,0,0,0,1,1
1077,0,0,1,1,7,1,0,0,0,1,1
1078,0,0,2,0,1,1,2,1,2,0,0
1079,0,0,3,0,1,1,0,1,2,0,1
1080,0,0,1,0,1,1,2,1,2,0,1
1081,0,0,1,1,6,1,2,1,2,0,1
1082,0,0,1,0,1,1,3,1,2,0,1
1083,0,0,1,1,4,1,0,1,2,0,1
1084,0,0,0,0,9,0,2,1,2,0,0
1085,0,0,3,1,4,0,0,1,2,0,0
1086,0,0,2,1,4,1,0,4,2,5,1
1087,0,0,3,0,2,1,2,4,2,5,0
1088,0,0,0,0,1,1,2,1,2,0,0
1089,0,0,2,0,1,1,3,4,2,5,0
1090,0,0,3,0,2,1,2,4,2,5,1
1091,0,0,0,0,9,1,2,4,2,5,0
1092,0,0,3,0,1,1,3,1,2,0,1
1093,0,0,3,0,2,1,3,1,2,0,0
1094,0,0,2,0,1,1,3,0,0,1,1
1095,0,0,3,1,1,1,3,1,2,0,0
1096,0,0,1,1,0,1,0,1,2,0,1
1097,0,0,2,1,4,1,3,1,2,0,1
1098,0,0,1,0,1,0,2,1,2,0,1
1099,0,0,2,1,6,1,2,1,2,0,1
1100,0,0,1,1,4,1,0,1,2,0,1
1101,0,0,1,1,0,1,0,1,2,0,1
1102,0,0,2,1,0,1,0,1,2,0,1
1103,0,0,1,1,4,1,0,1,2,0,1
1104,0,0,1,0,0,1,0,1,2,0,1
1105,0,0,2,0,1,1,2,1,2,0,0
1106,0,0,1,1,6,1,2,1,2,0,1
1107,0,0,3,0,0,1,0,1,2,0,1
1108,0,0,1,0,1,1,2,1,2,0,1
1109,0,0,2,1,1,1,2,1,2,0,1
1110,0,0,2,1,0,1,0,4,2,5,0
1111,0,1,1,1,6,1,2,0,0,1,0
1112,0,0,1,2,1,1,0,1,2,0,1
1113,0,0,2,0,1,1,2,1,2,0,1
1114,0,0,3,0,0,1,0,1,2,0,1
1115,0,1,2,1,6,1,3,1,2,0,1
1116,0,0,1,1,0,1,0,1,2,0,1
1117,0,0,3,0,1,1,3,1,2,0,0
1118,0,0,1,0,1,1,2,1,2,0,1
1119,0,1,2,1,0,1,1,1,2,0,0
1120,0,0,2,0,1,1,3,1,2,0,1
1121,0,0,1,0,1,1,3,1,2,0,1
1122,0,1,1,1,1,0,1,1,2,0,0
1123,0,0,2,2,4,1,1,1,2,0,0
1124,0,0,2,1,1,1,2,1,2,0,1
1125,0,1,1,1,0,0,2,1,2,0,0
1126,0,0,2,1,4,0,1,1,2,0,0
1127,0,1,2,0,1,1,0,1,2,0,0
1128,0,1,2,1,1,1,0,4,2,5,0
1129,0,0,1,1,0,1,0,1,2,0,0
1130,0,1,1,0,1,1,0,1,2,0,1
1131,0,1,1,1,1,1,0,1,2,0,1
1132,0,0,3,2,1,1,3,1,2,0,0
1133,0,0,2,0,1,1,0,1,2,0,0
1134,0,0,2,1,1,1,0,1,2,0,0
1135,0,0,2,0,0,1,2,4,2,5,1
1136,0,0,1,0,1,1,3,4,2,5,1
1137,0,0,2,1,1,1,3,0,2,0,1
1138,0,0,2,1,1,1,3,4,2,5,0
1139,0,0,3,1,2,1,2,0,0,1,1
1140,0,0,3,1,2,1,0,4,2,5,1
1141,0,0,1,1,1,0,0,0,0,1,1
1142,0,0,0,1,1,1,0,4,2,5,1
1143,0,0,1,1,1,0,2,4,2,5,1
1144,0,0,2,2,0,1,0,1,2,0,1
1145,0,1,0,1,1,0,0,4,2,5,0
1146,0,1,1,1,1,0,2,4,2,5,0
1147,0,1,0,1,1,0,2,4,2,5,0
1148,0,1,0,0,1,0,3,4,2,5,0
1149,0,0,0,1,1,0,2,4,2,5,0
1150,0,1,0,0,1,0,2,4,2,5,0
1151,0,1,0,1,1,0,2,4,2,5,0
1152,0,0,2,0,2,1,3,1,2,0,1
1153,0,0,2,0,1,1,2,0,0,1,0
1154,0,1,0,2,7,0,0,4,2,5,1
1155,0,0,2,1,4,1,0,4,2,5,1
1156,0,0,3,1,1,1,3,1,2,0,0
1157,0,0,3,0,2,1,2,4,2,5,0
1158,0,0,3,0,2,1,3,4,2,5,1
1159,0,0,3,0,2,1,0,4,2,5,1
1160,0,0,3,0,2,1,0,1,2,0,1
1161,0,0,2,2,1,1,3,3,2,5,0
1162,0,1,2,1,4,1,0,1,2,0,1
1163,0,0,1,1,1,1,2,1,2,0,0
1164,0,0,2,1,2,1,2,3,2,5,0
1165,0,0,2,2,5,1,0,1,2,0,1
1166,0,0,2,1,1,1,3,3,2,5,1
1167,0,0,2,2,7,1,1,4,2,5,1
1168,0,0,2,2,7,1,0,4,2,5,1
1169,0,1,0,0,9,0,2,0,0,1,1
1170,0,0,1,1,1,1,0,4,2,5,1
1171,0,0,2,0,1,1,2,1,2,0,1
1172,0,0,1,1,0,1,0,1,2,0,1
1173,0,0,1,1,1,0,3,3,2,5,1
1174,0,0,1,2,1,0,2,1,2,0,1
1175,0,0,3,2,5,1,0,1,2,0,1
1176,0,1,2,0,3,1,3,3,2,5,1
1177,0,1,2,0,3,0,3,1,2,0,1
1178,0,0,2,1,1,1,3,1,2,0,1
1179,0,0,3,0,2,0,3,3,2,5,0
1180,0,1,1,1,6,1,1,1,2,0,1
1181,0,0,3,2,4,1,1,3,2,5,0
1182,0,0,3,1,8,1,2,3,2,5,0
1183,0,0,3,0,1,1,3,3,2,5,0
1184,0,0,2,1,1,1,2,1,2,0,1
1185,0,0,0,0,1,0,3,3,2,5,1
1186,0,1,2,0,3,1,3,3,2,5,1
1187,0,0,2,2,0,1,2,3,2,5,0
1188,0,1,2,1,4,0,0,3,2,5,1
1189,0,0,2,1,0,1,2,1,2,0,1
1190,0,0,3,1,1,1,2,3,2,5,1
1191,0,0,1,1,4,0,0,3,2,5,0
1192,0,0,2,2,5,1,0,4,2,5,1
1193,0,1,1,0,3,1,2,3,2,5,0
1194,0,0,0,0,9,0,2,1,2,0,1
1195,0,0,1,2,8,1,0,1,2,0,1
1196,0,0,0,1,0,1,0,1,2,0,1
1197,0,1,2,1,1,0,2,3,2,5,1
1198,0,1,0,1,4,1,0,1,2,0,1
1199,0,0,3,2,8,1,0,3,2,5,1
1200,0,0,0,0,0,1,0,1,2,0,0
1201,0,0,1,0,1,0,3,4,2,5,0
1202,0,0,0,1,1,1,3,0,2,0,0
1203,0,0,2,1,4,1,0,4,2,5,0
1204,0,0,0,1,6,0,0,0,2,0,1
1205,0,0,1,2,7,1,0,3,2,5,0
1206,0,0,1,2,0,1,0,1,2,0,0
1207,0,0,1,1,5,1,0,4,2,5,0
1208,0,0,1,1,8,1,2,1,2,0,1
1209,0,1,0,1,4,1,2,1,2,0,1
1210,0,1,2,1,7,1,0,1,2,0,0
1211,0,0,2,1,2,1,2,4,2,5,1
1212,0,1,2,1,4,0,3,4,2,5,0
1213,0,0,1,1,4,1,1,1,2,0,0
1214,0,0,2,1,8,1,0,0,0,1,0
1215,0,0,3,1,2,1,2,4,2,5,1
1216,0,0,3,1,8,1,0,1,2,0,1
1217,0,1,2,0,1,1,3,4,2,5,0
1218,0,0,1,1,0,1,0,1,2,0,0
1219,0,0,3,1,2,1,0,1,2,0,1
1220,0,0,1,0,1,1,0,1,2,0,0
1221,0,0,2,1,1,1,2,3,2,5,0
1222,0,0,1,1,0,1,2,1,2,0,1
1223,0,0,0,0,9,1,1,1,2,0,0
1224,0,0,2,1,1,1,3,4,2,5,1
1225,0,1,1,0,1,1,2,0,2,0,0
1226,0,0,2,1,6,1,0,1,2,0,1
1227,0,0,3,2,7,1,0,1,2,0,0
1228,0,0,2,0,7,1,0,1,2,0,1
1229,0,1,1,1,0,1,0,4,2,5,0
1230,0,0,0,1,4,1,2,1,2,0,1
1231,0,0,1,0,1,1,2,1,2,0,0
1232,0,0,3,1,5,1,0,1,2,0,0
1233,0,0,1,1,8,1,0,1,2,0,0
1234,0,0,2,1,6,1,0,1,2,0,0
1235,0,0,2,0,1,1,3,1,2,0,0
1236,0,0,1,1,0,1,2,1,2,0,1
1237,0,1,2,1,4,1,0,1,2,0,0
1238,0,0,3,0,1,1,2,1,2,0,1
1239,0,0,2,1,4,1,3,1,2,0,0
1240,0,0,1,1,8,1,0,1,2,0,0
1241,0,0,2,1,0,1,0,1,2,0,0
1242,0,0,3,1,4,1,0,0,0,1,1
1243,0,1,1,0,0,1,0,4,2,5,1
1244,0,0,3,1,1,1,2,4,2,5,0
1245,0,0,1,1,1,1,2,0,2,2,0
1246,0,0,1,1,4,1,1,1,2,0,1
1247,0,0,0,0,1,0,0,1,2,0,1
1248,0,0,0,0,9,0,1,4,2,5,0
1249,0,0,3,1,8,1,0,1,2,0,0
1250,0,0,3,0,2,1,3,1,2,0,0
1251,0,1,2,0,1,1,3,0,0,1,0
1252,0,0,3,0,2,1,1,3,2,5,0
1253,0,0,1,0,0,1,2,1,2,0,0
1254,0,1,0,1,1,0,0,0,2,2,1
1255,0,0,3,1,6,1,0,0,0,1,1
1256,0,0,1,1,0,1,0,0,0,1,1
1257,0,0,2,1,1,1,3,3,2,5,0
1258,0,0,1,1,0,1,2,0,2,2,1
1259,0,0,2,1,1,1,0,1,2,0,0
1260,0,0,0,1,0,1,0,0,2,2,0
1261,0,0,1,0,1,0,2,1,2,0,1
1262,0,0,2,1,5,1,2,1,2,0,0
1263,0,1,1,0,1,0,3,0,0,1,1
1264,0,0,1,0,1,1,0,3,2,5,1
1265,0,0,3,1,4,1,3,3,2,5,0
1266,0,0,3,0,1,1,2,0,2,2,0
1267,0,0,2,1,4,1,3,3,2,5,0
1268,0,0,3,1,7,1,0,1,2,0,0
1269,0,0,2,1,1,1,2,0,0,1,1
1270,0,0,2,1,8,1,0,0,2,2,1
1271,0,0,2,0,1,1,3,0,0,1,1
1272,0,0,3,0,2,1,0,0,0,1,0
1273,0,0,3,0,2,1,2,3,2,5,0
1274,0,0,2,1,1,1,2,1,2,0,0
1275,0,1,0,1,6,0,2,0,0,1,1
1276,0,0,0,1,6,0,2,1,2,0,1
1277,0,0,1,1,0,1,0,0,2,2,0
1278,0,0,1,0,9,1,2,1,2,0,1
1279,0,0,3,0,2,1,3,0,2,2,0
1280,0,0,3,0,2,1,3,1,2,0,1
1281,0,0,0,0,7,1,0,0,2,2,0
1282,0,0,1,0,1,1,2,1,2,0,1
1283,0,0,0,1,0,0,2,0,2,0,1
1284,0,0,0,0,9,0,0,1,2,0,0
1285,0,0,3,0,2,1,1,3,2,5,0
1286,0,1,2,1,1,0,0,4,2,5,0
1287,0,0,2,1,1,1,2,1,2,0,1
1288,0,0,3,1,2,1,3,1,2,0,1
1289,0,0,1,0,0,1,2,1,2,0,0
1290,0,0,1,1,4,1,1,1,2,0,1
1291,0,1,2,1,2,0,3,4,2,5,0
1292,0,0,2,1,1,1,3,4,2,5,0
1293,0,0,2,0,1,1,3,0,0,1,0
1294,0,0,2,0,1,1,3,1,2,0,1
1295,0,0,1,1,0,1,0,1,2,0,1
1296,0,1,0,0,3,1,2,0,0,1,1
1297,0,0,3,1,7,1,0,1,2,0,1
1298,0,0,1,2,6,1,1,1,2,0,1
1299,0,1,1,0,1,1,3,4,2,5,0
1300,0,0,1,1,4,1,0,0,2,2,1
1301,0,0,1,1,4,1,0,3,2,5,0
1302,0,1,1,2,4,0,0,0,2,0,1
1303,0,0,1,1,5,0,0,0,2,2,0
1304,0,0,0,1,0,1,0,4,2,5,0
1305,0,0,1,1,0,1,0,0,2,2,0
1306,0,1,0,1,7,0,0,0,2,0,1
1307,0,0,0,1,6,1,0,0,2,2,0
1308,0,0,0,0,9,0,2,0,2,2,0
1309,0,1,0,0,9,0,0,0,2,2,0
1310,0,1,1,0,1,1,3,0,0,1,1
1311,0,0,0,0,9,0,0,0,2,2,0
1312,0,0,1,1,4,1,0,0,2,2,0
1313,0,0,1,0,1,1,0,3,2,5,0
1314,0,0,0,0,9,0,0,0,2,2,0
1315,0,0,1,0,1,1,2,3,2,5,0
1316,0,0,3,1,1,1,1,0,2,0,0
1317,0,0,1,1,4,1,0,0,2,2,0
1318,0,0,3,0,2,1,2,0,2,2,0
1319,0,0,2,1,6,1,0,0,2,2,1
1320,0,0,3,0,2,1,0,3,2,5,1
1321,0,0,3,0,2,0,0,0,0,1,0
1322,0,1,2,1,4,1,0,0,2,2,0
1323,0,0,2,1,1,1,3,3,2,5,0
1324,0,0,3,1,1,0,3,3,2,5,0
1325,0,0,0,0,9,0,0,0,2,2,0
1326,0,0,1,1,4,1,0,3,2,5,0
1327,0,0,2,0,1,1,3,3,2,5,0
1328,0,0,1,0,1,1,2,0,2,2,0
1329,0,0,2,1,0,1,0,0,2,0,1
1330,0,0,1,1,7,0,1,0,2,2,1
1331,0,1,2,0,3,0,2,3,2,5,1
1332,0,1,0,1,6,0,2,0,2,2,0
1333,0,0,0,0,9,1,2,1,2,0,1
1334,0,0,2,0,1,1,0,1,2,0,1
1335,0,0,1,0,1,0,3,0,0,1,0
1336,0,0,2,0,1,1,3,1,2,0,0
1337,0,1,1,2,1,0,0,1,2,0,0
1338,0,0,2,1,4,1,0,0,2,2,0
1339,0,0,2,1,1,1,2,1,2,0,1
1340,0,0,3,0,2,1,3,1,2,0,0
1341,0,0,1,0,1,1,2,1,2,0,0
1342,0,0,1,1,1,1,0,1,2,0,1
1343,0,0,1,0,1,1,3,0,2,2,1
1344,0,0,3,0,1,1,0,0,2,2,1
1345,0,1,3,0,1,0,3,1,2,0,0
1346,0,0,3,0,1,1,3,0,2,0,0
1347,0,0,2,0,1,1,2,0,0,1,1
1348,0,0,0,0,1,0,1,0,2,2,0
1349,0,0,2,0,1,1,2,0,0,1,0
1350,0,1,2,1,6,1,0,0,0,1,1
1351,0,0,3,0,1,1,2,1,2,0,0
1352,0,0,3,0,2,0,0,0,2,2,1
1353,0,0,0,0,9,0,0,0,0,1,1
1354,0,1,3,0,1,1,2,1,2,0,0
1355,0,0,1,1,1,1,2,1,2,0,1
1356,0,0,2,0,1,1,0,1,2,0,1
1357,0,1,2,1,4,0,1,1,2,0,0
1358,0,0,2,1,1,1,0,1,2,0,0
1359,0,0,1,0,4,1,1,1,2,0,1
1360,0,0,0,0,1,0,2,0,2,2,0
1361,0,0,2,0,1,1,3,1,2,0,0
1362,0,1,2,0,3,1,3,0,0,1,1
1363,0,0,2,0,1,1,2,0,2,2,0
1364,0,0,1,0,0,1,2,1,2,0,0
1365,0,0,3,0,2,1,2,1,2,0,0
1366,0,0,0,1,0,0,2,0,0,1,1
1367,0,0,2,0,1,1,3,1,2,0,1
1368,0,1,1,0,3,1,2,0,0,1,0
1369,0,0,2,0,1,1,3,0,0,1,1
1370,0,0,2,1,4,1,3,1,2,0,0
1371,0,0,1,1,0,1,0,1,2,0,1
1372,0,0,1,1,8,0,2,0,2,2,0
1373,0,0,1,0,1,1,2,0,2,2,0
1374,0,0,3,0,2,1,2,3,2,5,1
1375,0,0,1,1,0,1,0,0,2,2,0
1376,0,1,0,1,4,1,0,1,2,0,1
1377,0,0,0,0,9,0,2,0,2,2,0
1378,0,0,0,0,1,0,2,0,2,2,0
1379,0,0,2,0,1,1,2,0,2,2,0
1380,0,0,1,0,1,0,3,1,2,0,0
1381,0,0,0,2,0,1,0,1,2,0,1
1382,0,0,1,1,0,1,0,0,2,2,0
1383,0,0,0,0,1,0,2,0,2,2,0
1384,0,0,0,1,0,0,0,0,2,2,0
1385,0,0,2,1,8,1,0,0,2,2,0
1386,0,0,1,0,1,1,3,1,2,0,0
1387,0,0,3,0,1,1,3,1,2,0,0
1388,0,0,1,0,1,1,0,0,2,2,0
1389,0,0,3,1,7,1,3,3,2,5,0
1390,0,0,2,0,1,1,2,0,2,0,0
1391,0,0,1,1,0,1,0,3,2,5,1
1392,0,0,3,1,1,1,0,1,2,0,0
1393,0,0,3,0,1,1,2,1,2,0,1
1394,0,0,2,1,1,1,0,0,2,2,0
1395,0,0,2,0,1,1,0,0,0,1,0
1396,0,1,2,0,1,0,2,0,0,1,0
1397,0,0,2,0,1,1,0,0,2,2,0
1398,0,0,2,0,1,1,3,0,2,2,1
1399,0,0,2,1,0,1,0,0,2,2,0
1400,0,0,0,1,4,0,0,1,2,0,0
1401,0,0,0,0,1,0,2,1,2,0,0
1402,0,0,0,2,7,0,0,0,2,2,0
1403,0,1,1,0,1,0,0,0,2,2,0
1404,0,0,0,0,1,0,2,0,2,2,0
1405,0,0,3,0,1,1,3,0,0,1,0
1406,0,0,2,0,1,1,3,0,2,2,1
1407,0,0,2,1,1,1,3,0,2,2,0
1408,0,1,2,0,3,0,0,0,2,2,0
1409,0,0,1,1,0,1,3,1,2,0,1
1410,0,0,0,0,9,0,0,0,2,2,0
1411,0,0,1,1,0,1,0,1,2,0,1
1412,0,0,0,0,7,1,0,1,2,0,0
1413,0,0,2,1,0,1,0,1,2,0,0
1414,0,1,1,1,1,1,2,1,2,0,1
1415,0,0,1,1,6,0,1,1,2,0,0
1416,0,0,0,1,0,0,0,0,0,1,0
1417,0,0,2,1,8,1,0,1,2,0,1
1418,0,0,0,0,9,0,0,1,2,0,0
1419,0,0,1,0,1,1,0,1,2,0,1
1420,0,1,3,1,1,1,0,1,2,0,1
1421,0,0,3,1,2,1,3,1,2,0,1
1422,0,0,1,1,1,1,3,1,2,0,1
1423,0,1,2,1,1,1,2,1,2,0,1
1424,0,1,2,0,3,1,3,1,2,0,0
1425,0,0,2,1,1,0,3,1,2,0,1
1426,0,0,2,1,4,1,0,1,2,0,1
1427,0,1,2,0,3,1,3,4,2,5,1
1428,0,0,3,0,0,1,3,1,2,0,1
1429,0,0,0,0,1,0,3,0,2,2,0
1430,2,1,0,1,1,1,2,2,3,5,0
1431,2,0,2,1,1,1,3,2,1,4,1
1432,2,0,2,0,1,1,2,2,1,4,1
1433,2,0,0,1,0,1,2,2,4,3,0
1434,2,0,1,0,1,0,3,2,3,5,0
1435,2,0,0,0,9,0,0,2,3,5,1
1436,2,0,0,0,1,0,3,2,4,3,0
1437,2,0,1,0,1,1,0,2,4,3,1
1438,2,0,2,0,1,1,2,2,3,5,1
1439,2,0,1,0,0,1,2,2,4,3,0
1440,2,0,0,0,9,0,2,2,4,3,0
1441,2,0,0,0,9,0,2,2,4,3,0
1442,2,1,0,1,6,0,0,2,3,2,0
1443,2,0,1,0,1,1,3,2,3,2,0
1444,2,0,2,1,1,1,2,2,4,3,0
1445,2,0,1,1,1,0,2,2,4,3,0
1446,2,0,0,0,9,0,2,2,4,3,0
1447,2,0,1,1,4,1,0,2,1,4,0
1448,2,0,0,0,9,0,0,2,4,3,0
1449,2,0,0,0,1,0,3,2,3,5,0
1450,2,0,1,1,1,0,3,2,1,4,1
1451,2,0,2,1,2,1,2,2,3,5,1
1452,2,0,2,1,1,1,3,2,1,4,1
1453,2,0,3,1,7,1,0,2,3,5,1
1454,2,1,3,0,2,1,0,2,1,4,1
1455,2,0,1,1,1,1,3,2,4,3,0
1456,2,0,0,0,9,0,0,2,4,3,0
1457,2,0,1,1,7,1,0,2,4,3,1
1458,2,0,1,1,1,1,2,2,1,4,1
1459,2,0,2,1,1,1,2,2,1,4,1
1460,2,0,0,0,9,0,2,2,4,3,1
1461,2,0,0,0,9,0,2,2,4,3,1
1462,2,1,0,0,9,0,2,2,4,3,0
1463,2,0,1,0,1,1,2,2,4,3,1
1464,2,0,0,0,9,0,0,2,4,3,0
1465,2,0,2,0,6,1,0,2,4,3,0
1466,2,0,2,2,1,1,3,2,4,3,1
1467,2,1,0,0,9,0,2,2,4,3,0
1468,2,0,0,0,9,0,2,2,1,4,0
1469,2,0,1,0,1,1,3,2,1,4,0
1470,2,0,0,0,9,0,2,2,4,3,0
1471,2,0,1,1,8,1,0,2,4,3,0
1472,2,0,3,1,1,1,2,2,4,3,0
1473,2,1,3,1,7,0,0,2,3,5,1
1474,2,0,0,0,1,0,2,2,4,3,0
1475,2,0,0,0,1,1,1,2,4,3,0
1476,2,0,1,1,6,1,2,2,4,3,0
1477,2,0,0,0,9,0,0,2,1,4,0
1478,2,0,1,1,1,1,2,2,3,2,0
1479,2,1,2,1,4,1,0,2,3,5,1
1480,2,0,0,1,1,0,2,2,4,3,0
1481,2,1,2,0,1,0,0,2,3,5,0
1482,2,0,3,1,5,1,0,2,1,4,0
1483,2,0,2,1,1,1,2,2,4,3,0
1484,2,0,1,0,1,1,3,2,1,4,0
1485,2,1,1,0,1,0,3,2,1,4,0
1486,2,0,1,1,1,1,2,2,4,3,0
1487,2,0,1,0,1,1,0,2,4,3,0
1488,2,0,1,0,1,1,3,2,1,4,0
1489,2,1,0,0,9,0,2,2,4,3,0
1490,2,0,1,0,0,1,2,2,3,2,1
1491,2,0,0,0,9,0,2,2,4,3,0
1492,2,0,2,1,6,1,0,2,1,4,0
1493,2,0,3,1,1,1,0,2,3,5,0
1494,2,0,0,0,1,0,2,2,1,4,0
1495,2,0,0,0,1,1,2,2,4,3,0
1496,2,0,0,1,1,0,3,2,4,3,0
1497,2,0,2,0,1,0,3,2,4,3,0
1498,2,0,3,0,2,1,2,2,3,5,0
1499,2,0,0,0,9,1,0,2,4,3,0
1500,2,0,0,0,1,0,2,2,4,3,0
1501,2,0,0,0,1,1,3,2,4,3,0
1502,2,0,1,0,1,1,3,2,4,3,0
1503,2,1,0,0,4,0,0,2,1,4,0
1504,2,1,0,0,9,0,2,2,1,4,0
1505,2,0,0,0,9,1,0,2,4,3,0
1506,2,0,2,0,1,1,3,2,4,3,0
1507,2,0,2,0,1,1,3,2,4,3,0
1508,2,0,2,0,1,1,2,2,1,4,0
1509,2,0,0,0,9,0,0,2,4,3,0
1510,2,0,0,0,9,0,2,2,3,2,1
1511,2,1,0,1,9,0,2,2,4,3,0
1512,2,1,0,0,9,0,0,2,3,5,1
1513,2,0,1,1,7,0,0,2,1,4,0
1514,2,0,2,1,7,1,0,2,1,4,0
1515,2,0,0,0,1,1,3,2,3,2,0
1516,2,1,0,0,3,0,2,2,3,2,1
1517,2,0,1,0,1,0,2,2,1,4,0
1518,2,1,0,0,1,0,2,2,4,3,1
1519,2,0,3,0,2,1,0,2,3,5,1
1520,1,1,0,0,9,0,2,5,3,5,0
1521,1,1,2,0,1,1,2,2,3,0,1
1522,1,1,2,1,6,1,0,2,3,0,1
1523,1,0,1,1,1,1,0,2,1,4,1
1524,1,0,0,0,9,0,2,5,3,5,1
1525,1,1,0,0,3,0,2,6,1,4,1
1526,1,1,2,0,3,1,3,5,1,4,1
1527,1,1,0,0,9,0,2,6,1,4,1
1528,1,0,0,0,9,0,2,2,3,5,0
1529,1,1,0,0,9,0,2,6,1,4,1
1530,1,0,1,2,1,0,0,6,1,4,1
1531,1,0,1,1,1,1,2,2,3,0,1
1532,1,0,1,1,4,1,1,5,3,0,1
1533,1,0,0,0,9,0,2,5,1,4,1
1534,1,1,3,0,2,0,0,2,3,0,1
1535,1,0,3,0,2,1,0,5,3,5,1
1536,1,0,2,0,1,1,3,2,3,0,1
1537,1,0,2,2,8,1,0,2,3,0,1
1538,1,0,2,1,1,1,2,5,3,0,1
1539,1,1,0,0,9,0,2,5,3,0,0
1540,1,0,0,1,0,0,0,2,3,0,1
1541,1,1,1,1,1,1,2,2,3,0,1
1542,1,0,0,1,1,0,2,5,3,0,1
1543,1,0,1,1,6,1,0,2,3,0,1
1544,1,0,3,1,2,1,2,2,3,0,1
1545,1,0,1,1,5,1,0,5,3,5,0
1546,1,1,1,1,4,1,0,2,3,0,0
1547,1,1,3,1,4,0,0,2,3,0,1
1548,1,0,1,0,1,1,2,2,3,0,0
1549,1,0,0,1,1,0,2,2,3,0,0
1550,1,1,1,1,5,1,0,2,3,0,1
1551,1,1,2,1,4,1,0,2,3,0,0
1552,1,1,2,1,4,0,0,2,3,0,1
1553,1,1,0,0,9,0,2,5,3,0,0
1554,1,0,1,1,1,1,0,2,3,0,1
1555,1,0,1,1,1,1,2,2,3,0,1
1556,1,0,2,1,1,1,2,2,3,0,0
1557,1,1,1,2,4,0,0,5,3,5,1
1558,1,0,2,2,6,1,0,2,3,0,1
1559,1,0,1,0,1,1,0,2,3,0,0
1560,1,0,0,0,9,0,2,2,3,0,1
1561,1,0,0,0,9,1,3,2,3,5,0
1562,1,0,1,1,1,0,2,2,3,0,1
1563,1,0,2,2,7,0,0,5,3,0,1
1564,1,1,2,1,4,1,0,2,3,0,0
1565,1,1,1,1,3,0,2,2,3,0,0
1566,1,0,1,2,6,0,0,2,3,0,1
1567,1,0,2,1,1,1,2,2,3,0,0
1568,1,1,1,0,1,1,2,2,3,0,1
1569,1,0,3,0,1,1,3,2,3,0,1
1570,1,0,1,1,0,0,0,5,3,0,1
1571,1,1,1,1,4,1,0,2,3,0,1
1572,1,1,3,0,2,1,3,2,3,0,1
1573,1,0,2,0,1,0,3,5,3,0,1
1574,1,0,0,0,9,0,3,5,3,0,1
1575,1,0,0,0,9,1,2,5,3,0,1
1576,1,1,0,0,9,0,2,5,3,0,1
1577,1,0,2,1,4,1,2,2,3,0,1
1578,1,0,0,1,1,0,2,5,3,0,1
1579,1,1,1,1,4,0,0,5,3,0,1
1580,1,0,0,0,9,0,3,5,3,0,1
1581,1,0,0,0,1,1,2,5,3,0,1
1582,1,1,0,0,1,0,2,5,3,0,1
1583,1,0,3,2,0,1,0,5,3,0,1
1584,1,0,1,1,1,0,0,2,3,0,1
1585,1,1,0,0,9,1,0,2,3,0,1
1586,1,0,2,1,4,1,0,5,3,0,1
1587,1,0,1,1,1,0,3,5,3,0,0
1588,1,1,2,0,1,1,3,2,3,0,1
1589,1,0,1,0,0,1,2,5,3,5,1
1590,1,0,3,0,2,1,0,5,3,0,1
1591,1,0,2,2,8,1,0,2,3,0,1
1592,1,1,1,1,4,0,0,5,3,0,1
1593,1,0,3,2,4,0,1,2,3,0,1
1594,1,1,1,1,7,1,2,2,3,0,1
1595,1,1,1,1,4,1,0,2,3,0,1
1596,1,0,1,1,5,1,2,6,3,0,1
1597,1,0,2,1,1,1,3,2,3,0,1
1598,1,0,2,1,1,1,2,2,3,0,1
1599,1,0,0,0,9,0,2,5,1,4,0
1600,1,0,1,0,1,1,3,6,3,0,1
1601,1,1,0,0,9,0,2,6,1,4,0
1602,1,0,2,0,1,1,3,2,3,0,1
1603,1,0,2,2,6,1,0,2,3,0,1
1604,1,1,1,2,6,1,0,5,1,4,0
1605,1,0,2,1,5,1,0,2,1,4,1
1606,1,0,3,2,1,1,0,5,1,4,1
1607,1,0,2,0,1,1,2,2,1,4,1
1608,1,1,0,0,9,0,3,6,1,4,0
1609,1,0,1,0,0,1,2,2,3,0,1
1610,1,1,2,1,6,1,0,5,3,0,1
1611,1,0,1,0,1,1,3,5,3,0,1
1612,1,0,2,1,1,1,2,2,3,0,1
1613,1,0,2,0,1,1,2,5,1,4,1
1614,1,0,0,0,9,0,2,6,3,0,1
1615,1,1,0,0,9,0,0,5,1,4,1
1616,1,0,2,2,5,1,1,2,3,0,1
1617,1,1,1,1,3,1,2,2,1,4,0
1618,1,1,0,0,9,0,0,2,3,0,1
1619,1,0,1,2,4,1,0,2,1,4,1
1620,1,0,2,1,1,1,3,2,3,0,1
1621,1,0,2,2,1,1,3,5,3,0,1
1622,1,1,2,0,3,1,2,5,3,0,0
1623,1,1,0,0,9,0,2,5,1,4,1
1624,1,0,1,0,1,0,3,2,3,0,1
1625,1,0,1,1,1,1,2,2,3,0,1
1626,1,0,0,1,1,1,0,2,3,0,1
1627,1,0,1,0,1,0,0,2,3,0,1
1628,1,0,2,2,1,1,2,5,3,0,1
1629,1,0,2,1,4,1,0,2,3,0,1
1630,1,0,1,1,1,1,3,5,3,0,1
1631,1,0,2,2,6,0,0,2,3,0,1
1632,1,1,1,2,4,0,0,5,3,0,1
1633,1,0,2,0,1,1,0,2,3,0,1
1634,1,0,1,1,4,1,0,5,3,5,1
1635,1,0,2,0,1,1,0,5,3,0,1
1636,1,0,2,1,1,1,0,2,3,0,1
1637,1,0,0,1,6,0,2,2,3,0,1
1638,1,0,0,0,1,0,0,2,3,0,1
1639,1,1,1,0,3,1,2,2,3,0,1
1640,1,1,1,1,4,0,2,5,1,4,1
1641,1,1,3,1,4,0,3,5,3,0,1
1642,1,0,1,0,1,1,0,2,3,0,1
1643,1,1,0,0,1,0,3,2,1,4,1
1644,1,1,0,0,3,1,0,2,3,0,1
1645,1,0,1,0,1,1,3,5,3,0,1
1646,1,0,0,1,1,0,2,2,3,0,1
1647,1,1,0,0,9,0,2,5,1,4,1
1648,1,1,0,1,1,1,0,5,1,4,1
1649,1,1,0,0,1,1,3,5,3,0,1
1650,1,1,3,0,3,1,3,5,3,5,1
1651,1,0,1,1,1,0,3,5,1,4,1
1652,1,0,3,0,1,1,2,5,1,4,1
1653,1,0,0,0,1,0,3,5,1,4,1
1654,1,0,0,0,1,0,0,5,3,0,0
1655,1,0,1,0,1,0,3,2,3,0,1
1656,1,0,2,2,5,1,0,2,1,4,1
1657,1,0,0,0,1,1,3,2,3,0,1
1658,1,0,0,1,1,0,2,2,3,5,1
1659,1,0,2,2,1,1,2,2,3,0,1
1660,1,0,2,2,5,1,1,2,3,0,1
1661,1,0,1,2,5,1,0,2,1,4,1
1662,1,0,1,0,1,1,2,2,3,0,1
1663,1,0,2,1,1,1,3,2,1,4,1
1664,1,0,2,1,1,1,2,2,1,4,1
1665,1,1,0,0,9,1,2,5,3,0,1
1666,1,0,1,0,1,1,3,2,1,4,1
1667,1,1,0,0,9,0,2,6,1,4,1
1668,1,1,1,1,6,1,0,2,3,0,1
1669,1,1,0,0,9,0,2,6,3,5,0
1670,1,1,0,0,9,0,2,6,1,4,0
1671,1,0,2,1,1,1,3,2,3,0,1
1672,1,1,0,0,9,0,2,6,1,4,1
1673,1,0,1,1,0,1,0,2,1,4,0
1674,1,0,2,2,4,1,1,2,3,0,1
1675,1,1,0,0,7,1,0,6,1,4,0
1676,1,0,1,0,1,1,0,5,3,0,1
1677,1,1,0,1,1,0,2,5,1,4,1
1678,1,0,2,1,0,0,0,2,3,0,1
1679,1,0,1,1,1,1,2,2,1,4,0
1680,1,1,0,0,9,0,2,5,1,4,0
1681,1,1,2,0,9,1,0,5,3,0,0
1682,1,1,1,0,1,0,3,5,1,4,0
1683,1,1,0,0,1,0,3,5,1,4,1
1684,1,0,3,0,1,1,2,5,3,0,0
1685,1,1,0,0,9,0,2,5,1,4,0
1686,1,1,0,0,9,0,0,5,3,0,1
1687,1,0,3,1,7,1,1,2,3,0,1
1688,1,0,0,1,9,0,3,5,1,4,0
1689,1,0,1,1,7,1,2,2,3,0,1
1690,1,1,2,1,1,1,2,2,3,0,1
1691,1,1,1,2,5,0,0,2,3,0,1
1692,1,1,1,1,1,0,2,5,1,4,0
1693,1,1,1,2,6,1,1,2,3,0,1
1694,1,0,1,2,6,0,1,5,3,0,1
1695,1,1,1,1,3,1,0,2,3,0,1
1696,1,1,2,1,4,0,0,5,3,0,1
1697,1,0,3,1,6,1,2,2,1,4,1
1698,1,1,2,1,4,1,0,2,3,0,1
1699,1,1,0,1,1,0,2,2,3,0,1
1700,1,1,0,0,9,0,2,6,1,4,0
1701,1,0,0,0,9,0,0,5,3,0,1
1702,1,0,2,1,1,1,3,2,1,4,0
1703,1,1,2,0,1,1,2,2,3,5,0
1704,1,1,0,0,3,1,2,2,3,0,1
1705,1,1,0,0,7,1,2,2,3,0,1
1706,1,0,2,1,4,0,0,5,1,4,1
1707,1,0,2,2,6,1,0,5,3,0,1
1708,1,0,2,1,6,1,0,6,3,0,0
1709,1,1,3,0,2,1,0,2,3,0,1
1710,1,0,2,1,1,1,3,2,3,0,1
1711,1,1,3,1,4,1,0,2,3,0,1
1712,1,0,0,0,1,0,2,5,1,4,0
1713,1,0,1,2,1,0,3,2,3,0,0
1714,1,1,0,0,9,0,2,5,1,4,1
1715,1,1,0,0,9,0,2,5,1,4,0
1716,1,1,0,0,1,1,2,5,1,4,1
1717,1,0,0,1,1,1,2,5,1,4,1
1718,1,0,0,2,7,0,0,2,3,0,1
1719,1,1,2,0,3,1,2,2,3,0,1
1720,1,1,0,1,4,1,0,5,1,4,0
1721,1,0,1,1,7,1,0,5,3,0,1
1722,1,1,0,1,6,0,0,5,1,4,0
1723,1,0,2,1,1,1,2,2,3,0,1
1724,1,0,3,2,1,1,3,2,1,4,1
1725,1,1,2,1,4,1,0,2,3,0,1
1726,1,1,0,0,9,0,2,5,1,4,0
1727,1,1,0,0,1,1,0,5,1,4,0
1728,1,0,0,0,9,0,2,6,3,5,0
1729,1,1,0,0,9,1,2,5,1,4,0
1730,1,1,1,0,3,1,2,5,3,0,0
1731,1,0,3,0,2,1,0,2,3,0,1
1732,1,1,2,1,4,1,1,2,3,0,1
1733,1,1,2,2,6,1,1,5,3,0,1
1734,1,0,2,1,1,0,3,5,1,4,0
1735,1,1,1,0,3,1,2,5,3,0,1
1736,1,0,0,0,9,0,2,5,3,0,1
1737,1,0,1,1,0,1,2,2,3,0,1
1738,1,1,0,1,6,1,0,5,3,0,1
1739,1,1,1,1,3,1,0,2,3,0,1
1740,1,0,1,1,4,0,0,2,3,0,1
1741,1,1,0,0,9,0,2,5,1,4,1
1742,1,1,1,1,0,1,0,5,1,4,1
1743,1,1,0,0,9,0,2,5,1,4,1
1744,1,0,2,1,4,1,0,5,1,4,0
1745,1,0,1,2,6,1,0,5,3,0,1
1746,1,1,0,0,9,0,2,5,1,4,1
1747,1,1,1,1,5,1,0,5,3,0,1
1748,1,1,2,0,3,1,0,2,3,0,1
1749,1,0,1,1,1,1,3,2,3,0,1
1750,1,0,1,1,1,1,3,5,3,0,1
1751,1,1,0,0,9,0,2,5,1,4,1
1752,1,1,0,1,7,0,0,5,1,4,1
1753,1,0,2,0,1,1,2,2,3,0,1
1754,1,1,0,0,9,0,2,5,1,4,0
1755,1,1,0,0,9,0,3,5,3,0,1
1756,1,1,1,2,6,0,0,6,1,4,1
1757,1,1,0,0,9,0,2,5,1,4,0
1758,1,0,2,1,0,1,0,5,1,4,0
1759,1,0,0,0,9,0,2,5,3,0,1
1760,1,1,0,0,9,0,2,5,1,4,1
1761,1,1,2,1,3,1,2,5,3,0,1
1762,1,1,1,0,3,1,0,2,3,0,1
1763,1,1,0,0,1,1,2,5,3,0,0
1764,1,1,0,0,9,0,2,5,1,4,0
1765,1,1,0,0,9,0,1,6,1,4,1
1766,1,0,1,0,1,0,3,5,3,0,1
1767,1,0,2,1,0,1,0,5,3,0,1
1768,1,0,1,1,5,1,0,2,3,0,1
1769,1,0,3,2,1,1,2,2,3,0,1
1770,1,1,1,0,9,0,2,5,1,4,1
1771,1,1,0,1,1,0,2,5,1,4,1
1772,1,0,3,2,4,1,1,5,3,0,1
1773,1,0,1,0,1,1,2,2,3,0,0
1774,1,0,2,1,1,1,2,6,3,0,1
1775,1,0,1,2,1,1,0,2,1,4,1
1776,1,1,1,0,3,1,0,2,3,0,1
1777,1,0,2,2,7,1,2,5,3,0,1
1778,1,0,2,0,1,1,3,2,3,0,1
1779,1,0,2,1,5,1,2,5,1,4,1
1780,1,1,1,0,1,1,3,5,1,4,1
1781,1,0,0,0,9,0,2,5,1,4,1
1782,1,1,1,0,3,1,2,5,1,4,1
1783,1,1,0,0,9,0,2,6,1,4,1
1784,1,1,2,0,3,0,2,2,1,4,1
1785,1,0,1,1,1,1,3,5,1,4,0
1786,1,0,0,0,6,1,0,5,3,0,1
1787,1,0,0,1,0,0,2,5,1,4,1
1788,1,1,0,0,9,0,0,2,1,4,1
1789,1,1,0,0,1,0,0,5,1,4,0
1790,1,0,3,1,4,1,0,2,1,4,1
1791,1,0,1,1,0,1,0,5,3,0,1
1792,1,0,3,1,1,1,3,2,3,0,1
1793,1,0,2,1,0,1,0,5,3,0,1
1794,1,1,0,0,3,1,2,5,3,0,1
1795,1,1,1,0,3,1,2,5,3,5,0
1796,1,1,1,0,3,1,2,2,3,0,1
1797,1,0,3,1,7,1,2,5,3,0,0
1798,1,0,3,0,2,1,2,2,3,0,1
1799,1,1,0,0,1,0,3,2,3,0,1
1800,1,1,2,0,3,1,2,2,3,0,1
1801,1,1,0,1,1,0,2,2,1,4,1
